STAT,182,2017 SPRING,3.52
STAT,182,2018 SPRING,3.348
STAT,182,2018 FALL,3.22
STAT,182,2019 FALL,3.78
STAT,182,2020 FALL,3.986
STAT,182,2021 FALL,3.732
STAT,182,2022 FALL,3.919
STAT,182,2023 FALL,3.875
STAT,182,2024 FALL,3.926
STAT,182,Year,Semester,Prof,GPA,Section,A,B,C,D,F,I,Q,S,U,X
STAT,182,2024,FALL,DABNEY A,3.950,905,19,1,0,0,0,0,0,0,0,0
STAT,182,2024,FALL,DABNEY A,3.944,904,17,1,0,0,0,0,0,0,0,0
STAT,182,2024,FALL,DABNEY A,3.895,903,17,2,0,0,0,0,0,0,0,0
STAT,182,2024,FALL,DABNEY A,3.824,902,14,3,0,0,0,0,0,0,0,0
STAT,182,2024,FALL,DABNEY A,4.000,901,20,0,0,0,0,0,0,0,0,0
STAT,182,2023,FALL,DABNEY A,3.833,905,23,0,0,0,1,0,0,0,0,0
STAT,182,2023,FALL,DABNEY A,3.958,904,23,1,0,0,0,0,0,0,0,0
STAT,182,2023,FALL,DABNEY A,3.941,903,16,1,0,0,0,0,0,0,0,0
STAT,182,2023,FALL,DABNEY A,4.000,902,19,0,0,0,0,0,0,0,0,0
STAT,182,2023,FALL,DABNEY A,3.650,901,16,2,1,1,0,0,0,0,0,0
STAT,182,2022,FALL,DABNEY A,3.929,904,13,1,0,0,0,0,0,0,0,0
STAT,182,2022,FALL,DABNEY A,3.917,903,22,2,0,0,0,0,0,0,0,0
STAT,182,2022,FALL,DABNEY A,3.958,902,23,1,0,0,0,0,0,0,0,0
STAT,182,2022,FALL,DABNEY A,3.875,901,23,0,0,1,0,0,1,0,0,0
STAT,182,2021,FALL,DABNEY A,3.800,903,12,3,0,0,0,0,0,0,0,0
STAT,182,2021,FALL,DABNEY A,3.545,902,9,1,0,0,1,0,0,0,0,0
STAT,182,2021,FALL,DABNEY A,3.800,901,12,3,0,0,0,0,0,0,0,0
STAT,182,2020,FALL,DABNEY A,4.000,903,20,0,0,0,0,0,1,0,0,0
STAT,182,2020,FALL,DABNEY A,4.000,902,24,0,0,0,0,0,0,0,0,0
STAT,182,2020,FALL,DABNEY A,3.960,901,24,1,0,0,0,0,0,0,0,0
STAT,182,2019,FALL,DABNEY A,3.600,903,8,1,0,1,0,0,0,0,0,0
STAT,182,2019,FALL,DABNEY A,3.800,902,22,2,0,1,0,0,0,0,0,0
STAT,182,2019,FALL,DABNEY A,3.833,901,22,1,0,1,0,0,0,0,0,0
STAT,182,2018,FALL,DABNEY A,3.080,902,11,9,3,0,2,0,0,0,0,0
STAT,182,2018,FALL,DABNEY A,3.360,901,17,3,3,1,1,0,0,0,0,0
STAT,182,2018,SPRING,DABNEY A,3.348,901,9,13,1,0,0,0,1,0,0,0
STAT,182,2018,SPRING,DABNEY A,3.348,900,8,15,0,0,0,1,1,0,0,0
STAT,182,2017,SPRING,DABNEY A,3.520,900,13,12,0,0,0,0,0,0,0,0
STAT,201,2015 SPRING,2.653,3,,,,,,,,,,,,,,,,,,,,,,,,,,,,,,,,,,,,,,,
STAT,201,2015 FALL,,3.01,3.465,,,,,,,,,,,,,,,,,,,,,,,,,,,,,,,,,,,,,,
STAT,201,2016 SPRING,,2.93,,2.921,,,,,,,,,,,,,,,,,,,,,,,,,,,,,,,,,,,,,
STAT,201,2016 FALL,,,,,2.961,3.234,,,,,,,,,,,,,,,,,,,,,,,,,,,,,,,,,,,
STAT,201,2017 SPRING,,,,,,3.051,2.802,,,,,,,,,,,,,,,,,,,,,,,,,,,,,,,,,,
STAT,201,2017 FALL,,,,,,3.222,,3.023,,,,,,,,,,,,,,,,,,,,,,,,,,,,,,,,,
STAT,201,2018 SPRING,,,,,,3.063,,,3.213,3,3.037,,,,,,,,,,,,,,,,,,,,,,,,,,,,,,
STAT,201,2018 FALL,,,,,,2.994,,,,,,3.237,,,,,,,,,,,,,,,,,,,,,,,,,,,,,
STAT,201,2019 SPRING,,,,,,3.032,,,,,,3.129,,,,,,,,,,,,,,,,,,,,,,,,,,,,,
STAT,201,2019 FALL,,,,,,,,,,,,,3.395,3.085,3.422,3,3.261,3.104,,,,,,,,,,,,,,,,,,,,,,,
STAT,201,2020 SPRING,,,,,,,,,,,,3,3.474,2.92,,3.271,3.608,3.086,3.14,2.937,,,,,,,,,,,,,,,,,,,,,
STAT,201,2020 SUMMER,,,,,,,,,,,,,3.448,,,,,,,,2.66,,,,,,,,,,,,,,,,,,,,
STAT,201,2020 FALL,,,,,,,,,,,,,,,,,,,3.253,2.89,,3.067,3,3.304,3.065,,,,,,,,,,,,,,,,
STAT,201,2021 SPRING,,,,,,,,,,,,,3.585,,,,,,3.109,2.938,,,,3.286,3.215,,,,,,,,,,,,,,,,
STAT,201,2021 SUMMER,,,,,,,,,,,,,,,,2.871,,,,,,,,,,2.941,,,,,,,,,,,,,,,
STAT,201,2021 FALL,,,,,,,,,,,,,3.726,,,,,,,2.969,,,,,3.133,,3.029,,,,,,,,,,,,,,
STAT,201,2022 SPRING,,,,,,,,,,,,3.193,3.065,,,,,,,2.996,,,,,,,3.01,,,,,,,,,,,,,,
STAT,201,2022 SUMMER,,,,,,,,,,,,,,,,,,,,,,,,,,,,3.588,3.117,,,,,,,,,,,,
STAT,201,2022 FALL,,,,,,,,,,,,,3.05,,,,,,,2.912,,,,,,,3.136,,,2.923,,,,,,,,,,,
STAT,201,2023 SPRING,,,,,,,,,,2.977,,,2.925,,,,,,2.784,2.917,,,,,,,,,,,,,,,,,,,,,
STAT,201,2023 SUMMER,,,,,,,,,,,,,,,,,,,2.917,,,,,,,,,,,,3.212,,,,,,,,,,
STAT,201,2023 FALL,,,,,,,,,,2.664,,,,,,,,,,2.565,,,,,,,,,,2.681,,2.48,2.788,,,,,,,,
STAT,201,2024 SPRING,,,,,,,,,,,,,2.759,,,,,,,2.685,,,,,,,,,,,,,2.591,2.862,2.738,,,,,,
STAT,201,2024 SUMMER,,,,,,,,,,2.732,,,,,,,,,,,,,,,,,,,,,,,,,,2.696,,,,,
STAT,201,2024 FALL,,,,,,,,,,,,,,,,,,,,2.5,,,,,,,,,,,,,,,2.785,,2.477,2.446,,,
STAT,201,2025 SPRING,,,,,,,,,,,,,,,,,,,,2.506,,,,,,,,,,,,,,,2.58,,,,2.698,2.237,
STAT,201,2025 SUMMER,,,,,,,,,,,,,,,,,,,,,,,,,,,,,,,,,,,2.441,,,,,,2.697
STAT,201,Year,Semester,Prof,GPA,Section,A,B,C,D,F,I,Q,S,U,X
STAT,201,2025,SUMMER,GHOSH P (H),2.697,299,31,13,16,10,6,0,4,0,0,0
STAT,201,2025,SUMMER,LOCKHART M,2.441,199,16,15,13,9,6,8,5,0,0,0
STAT,201,2025,SPRING,HERNANDEZ,0.800,807,0,0,1,2,2,0,3,0,0,0
STAT,201,2025,SPRING,LOCKHART M,2.333,599,20,14,14,11,10,15,16,0,0,0
STAT,201,2025,SPRING,LAMPRINAKOU S,2.237,509,7,21,16,9,6,0,21,0,0,0
STAT,201,2025,SPRING,HERNANDEZ,2.515,508,21,34,31,6,9,2,12,0,0,0
STAT,201,2025,SPRING,HERNANDEZ,2.786,507,20,32,27,4,1,0,15,0,0,0
STAT,201,2025,SPRING,LOCKHART M,2.884,506,25,18,20,5,1,0,10,0,0,0
STAT,201,2025,SPRING,HERNANDEZ,2.288,504,10,25,21,10,7,0,18,0,0,0
STAT,201,2025,SPRING,LOCKHART M,2.542,502,28,32,26,12,9,0,15,0,0,0
STAT,201,2025,SPRING,ROY S,2.698,501,28,37,24,15,2,1,18,0,0,0
STAT,201,2024,FALL,LOCKHART M,2.796,509,19,16,10,7,2,0,6,0,0,0
STAT,201,2024,FALL,LOCKHART M,2.740,508,33,27,24,13,3,0,8,0,0,0
STAT,201,2024,FALL,HERNANDEZ,2.602,507,30,18,29,10,6,0,17,0,0,0
STAT,201,2024,FALL,HERNANDEZ,2.365,506,18,27,29,16,6,0,18,0,0,0
STAT,201,2024,FALL,HERNANDEZ,2.538,505,23,27,20,18,3,0,13,0,0,0
STAT,201,2024,FALL,LOCKHART M,2.821,504,38,30,21,15,2,0,9,0,0,0
STAT,201,2024,FALL,RAY I,2.446,503,22,24,25,15,6,3,15,0,0,0
STAT,201,2024,FALL,PRICE J,2.477,501,28,26,32,11,10,0,13,0,0,0
STAT,201,2024,SUMMER,YI S (H),2.696,299,14,21,14,4,3,0,4,0,0,0
STAT,201,2024,SUMMER,YI S,2.732,199,13,11,13,1,3,0,0,0,0,0
STAT,201,2024,SPRING,LOCKHART M,2.738,599,19,36,20,6,3,2,14,0,0,0
STAT,201,2024,SPRING,MAHAT S,2.591,509,11,27,23,0,5,0,13,0,0,0
STAT,201,2024,SPRING,HERNANDEZ,2.667,508,24,28,35,6,3,0,17,0,0,0
STAT,201,2024,SPRING,HERNANDEZ,2.730,507,26,34,29,9,2,0,12,0,0,0
STAT,201,2024,SPRING,DABNEY A,2.862,506,20,20,23,0,2,0,15,0,0,0
STAT,201,2024,SPRING,HERNANDEZ,2.657,504,25,33,28,8,5,0,14,0,0,0
STAT,201,2024,SPRING,GHOSH P,2.735,502,26,38,27,7,4,1,21,0,0,0
STAT,201,2024,SPRING,GHOSH P,2.784,501,26,30,37,2,2,0,27,0,0,0
STAT,201,2023,FALL,YI S,2.698,509,13,20,13,5,2,0,7,0,0,0
STAT,201,2023,FALL,YI S,2.717,508,24,30,29,6,3,0,16,0,0,0
STAT,201,2023,FALL,HERNANDEZ,2.449,507,18,31,31,13,5,0,8,0,0,0
STAT,201,2023,FALL,MAHAT S,2.788,506,25,43,27,7,2,0,6,0,0,0
STAT,201,2023,FALL,HERNANDEZ,2.684,505,20,38,27,7,3,2,10,0,0,0
STAT,201,2023,FALL,YI S,2.583,504,21,25,23,12,3,0,22,0,0,0
STAT,201,2023,FALL,CAHILL M,2.480,503,20,34,25,11,8,0,12,0,0,0
STAT,201,2023,FALL,JAMES C,2.681,501,28,24,26,8,5,3,14,0,0,0
STAT,201,2023,SUMMER,CHAKRABARTI A (H),3.212,299,16,32,3,1,0,0,2,0,0,0
STAT,201,2023,SUMMER,ROITERCHTEIN A,2.917,199,17,38,13,2,2,1,1,0,0,0
STAT,201,2023,SPRING,YI S,2.845,509,31,43,26,8,2,0,13,0,0,0
STAT,201,2023,SPRING,HERNANDEZ,3.128,508,42,31,15,3,3,0,16,0,0,0
STAT,201,2023,SPRING,HERNANDEZ,2.862,507,26,36,26,5,1,0,15,0,0,0
STAT,201,2023,SPRING,YI S,3.111,506,46,38,16,6,2,0,15,0,0,0
STAT,201,2023,SPRING,ROITERCHTEIN A,2.784,505,21,24,22,6,1,0,3,0,0,0
STAT,201,2023,SPRING,HERNANDEZ,2.727,504,22,24,23,4,4,0,23,0,0,0
STAT,201,2023,SPRING,GHOSH P,2.952,502,40,32,21,9,2,0,18,0,0,0
STAT,201,2023,SPRING,GHOSH P,2.899,501,30,46,28,2,3,0,13,0,0,0
STAT,201,2022,FALL,GHOSH P,3.160,509,14,30,6,0,0,0,10,0,0,0
STAT,201,2022,FALL,GHOSH P,3.124,508,41,37,26,1,0,1,17,0,0,0
STAT,201,2022,FALL,HERNANDEZ,2.847,507,28,26,24,4,3,0,9,0,0,0
STAT,201,2022,FALL,GHOSH P,2.924,506,24,55,23,0,3,0,18,0,0,0
STAT,201,2022,FALL,HERNANDEZ,2.969,505,29,36,30,1,0,1,15,0,0,0
STAT,201,2022,FALL,JAMES C,2.923,504,32,40,26,4,2,0,18,0,0,0
STAT,201,2022,FALL,CURRANS S,3.136,503,38,41,24,0,0,1,18,0,0,0
STAT,201,2022,SUMMER,GARG J (H),3.117,201,22,25,11,2,0,0,0,0,0,0
STAT,201,2022,SUMMER,LEE R,3.588,101,11,5,1,0,0,0,0,0,0,0
STAT,201,2022,SPRING,PANTOJA K,3.193,509,50,30,29,0,0,0,8,0,0,0
STAT,201,2022,SPRING,HERNANDEZ,2.970,508,34,41,19,3,4,0,9,0,0,0
STAT,201,2022,SPRING,HERNANDEZ,3.067,507,38,26,22,2,2,1,5,0,0,0
STAT,201,2022,SPRING,GHOSH P,3.044,506,47,32,28,4,2,0,6,0,0,0
STAT,201,2022,SPRING,CURRANS S,3.010,505,39,29,23,3,3,0,5,0,0,0
STAT,201,2022,SPRING,HERNANDEZ,2.935,504,20,24,14,2,2,0,8,0,0,0
STAT,201,2022,SPRING,GHOSH P,3.055,502,44,37,21,7,1,0,9,0,0,0
STAT,201,2022,SPRING,GHOSH P,3.096,501,50,33,23,8,0,0,6,0,0,0
STAT,201,2021,FALL,GHOSH P,3.828,509,50,6,2,0,0,0,1,0,0,0
STAT,201,2021,FALL,GHOSH P,3.704,508,89,20,5,0,1,0,3,0,0,0
STAT,201,2021,FALL,HERNANDEZ,2.960,507,36,30,30,2,2,0,7,0,0,0
STAT,201,2021,FALL,ROY CHOWDHURY A,3.133,506,28,32,12,3,0,0,16,0,0,0
STAT,201,2021,FALL,HERNANDEZ,2.978,505,33,31,22,5,1,0,12,0,0,0
STAT,201,2021,FALL,GHOSH P,3.696,504,91,17,4,2,1,0,5,0,0,0
STAT,201,2021,FALL,CURRANS S,3.029,503,33,44,22,1,2,0,7,0,0,3
STAT,201,2021,SUMMER,WANG J (H),2.941,201,9,19,3,1,2,0,1,0,0,0
STAT,201,2021,SUMMER,PLUMMER S,2.871,101,24,21,20,2,3,0,4,0,0,0
STAT,201,2021,SPRING,HERNANDEZ,3.129,509,35,42,12,1,3,0,5,0,0,0
STAT,201,2021,SPRING,ROITERCHTEIN A,3.109,508,37,32,19,4,0,0,7,0,0,0
STAT,201,2021,SPRING,HERNANDEZ,2.813,507,22,30,16,1,6,0,10,0,0,0
STAT,201,2021,SPRING,GHOSH P,3.602,506,68,11,4,4,1,0,9,0,0,0
STAT,201,2021,SPRING,ROY CHOWDHURY A,3.215,505,45,28,16,3,1,0,5,0,0,0
STAT,201,2021,SPRING,HERNANDEZ,2.844,504,22,36,30,0,2,0,8,0,0,0
STAT,201,2021,SPRING,KUNDU A,3.286,503,12,21,2,0,0,0,3,0,0,0
STAT,201,2021,SPRING,GHOSH P,3.613,502,65,22,5,0,1,0,5,0,0,0
STAT,201,2021,SPRING,GHOSH P,3.543,501,64,24,2,1,3,0,5,0,0,0
STAT,201,2020,FALL,ROY CHOWDHURY A,3.065,509,31,28,13,2,3,0,2,0,0,0
STAT,201,2020,FALL,KUNDU A,3.304,508,38,28,12,1,0,0,6,0,0,0
STAT,201,2020,FALL,HERNANDEZ,2.784,507,26,34,37,4,1,0,6,0,0,0
STAT,201,2020,FALL,HERNANDEZ,3.011,506,25,43,18,3,0,0,1,0,0,0
STAT,201,2020,FALL,DAS R,3.000,505,30,29,18,3,2,0,10,0,0,0
STAT,201,2020,FALL,KIM R,3.067,504,42,46,30,2,0,0,4,0,0,0
STAT,201,2020,FALL,ROITERCHTEIN A,3.253,503,46,32,21,0,0,0,1,0,0,0
STAT,201,2020,SUMMER,PLUMMER S (H),2.660,201,13,22,10,3,5,0,1,0,0,1
STAT,201,2020,SUMMER,GHOSH P,3.448,101,36,14,7,0,1,0,5,0,0,0
STAT,201,2020,SPRING,RAHMAN S,3.608,509,65,27,4,1,0,0,0,0,0,0
STAT,201,2020,SPRING,PLUMMER S,3.271,508,35,52,9,0,0,0,1,0,0,0
STAT,201,2020,SPRING,THOMPSON E,3.086,507,23,20,13,1,1,0,0,0,0,0
STAT,201,2020,SPRING,HERNANDEZ,2.918,506,20,42,20,2,1,0,0,0,0,0
STAT,201,2020,SPRING,ALEXANDER B,2.920,505,15,20,13,0,2,0,0,0,0,0
STAT,201,2020,SPRING,PANTOJA K,3.000,504,21,28,19,1,0,0,0,0,0,0
STAT,201,2020,SPRING,GHOSH P,3.474,503,58,26,9,2,0,0,0,0,0,0
STAT,201,2020,SPRING,HERNANDEZ,2.955,502,29,32,25,1,2,0,2,0,0,0
STAT,201,2020,SPRING,ROITERCHTEIN A,3.140,501,19,27,11,0,0,0,0,0,0,1
STAT,201,2019,FALL,THOMPSON E,3.104,507,32,25,17,2,1,0,2,0,0,0
STAT,201,2019,FALL,RAHMAN S,3.309,506,52,25,12,4,1,0,2,0,0,0
STAT,201,2019,FALL,RAHMAN S,3.213,505,47,29,11,5,2,0,2,0,0,0
STAT,201,2019,FALL,PLUMMER S,3.000,504,41,40,26,6,1,1,4,0,0,0
STAT,201,2019,FALL,MERCHANT N,3.422,503,39,17,6,0,2,0,2,0,0,0
STAT,201,2019,FALL,ALEXANDER B,3.085,502,23,21,12,3,0,0,1,0,0,0
STAT,201,2019,FALL,GHOSH P,3.395,501,58,46,7,3,0,0,2,0,0,0
STAT,201,2019,SPRING,CUMMINGS S,3.081,503,43,28,23,3,2,0,4,0,0,0
STAT,201,2019,SPRING,CUMMINGS S,2.992,502,43,39,31,5,1,0,1,0,0,0
STAT,201,2019,SPRING,PANTOJA K,3.129,501,35,48,16,0,2,0,1,0,0,0
STAT,201,2018,FALL,CUMMINGS S,3.083,503,26,18,12,3,1,0,0,0,0,0
STAT,201,2018,FALL,CUMMINGS S,2.945,502,35,41,30,1,3,0,6,0,0,0
STAT,201,2018,FALL,PANTOJA K,3.237,501,32,38,7,3,0,1,4,0,0,0
STAT,201,2018,SPRING,CUMMINGS S,2.975,505,16,13,7,2,2,0,0,0,0,0
STAT,201,2018,SPRING,CUMMINGS S,3.150,504,20,9,9,1,1,0,0,0,0,0
STAT,201,2018,SPRING,ALMASOUD N,3.037,503,12,6,7,2,0,0,1,0,0,0
STAT,201,2018,SPRING,YI S,3.000,502,7,8,2,1,1,0,2,0,0,0
STAT,201,2018,SPRING,SULTAN M,3.213,501,21,17,7,2,0,0,1,0,0,0
STAT,201,2017,FALL,CUMMINGS S,3.222,502,58,33,21,4,1,1,2,0,0,0
STAT,201,2017,FALL,MANDAL S,3.023,501,31,34,17,3,2,0,0,0,0,0
STAT,201,2017,SPRING,MALLOURE M,2.802,502,30,44,25,9,3,0,6,0,0,0
STAT,201,2017,SPRING,CUMMINGS S,3.051,501,41,30,24,0,4,0,5,0,0,0
STAT,201,2016,FALL,CUMMINGS S,3.234,502,55,24,27,0,1,0,3,0,0,0
STAT,201,2016,FALL,LIANG L,2.961,501,32,40,27,3,1,0,1,0,0,0
STAT,201,2016,SPRING,MANUEL C,2.921,502,26,54,33,1,0,0,3,0,0,0
STAT,201,2016,SPRING,PHILBIN R,2.930,501,28,33,18,5,2,0,2,0,0,0
STAT,201,2015,FALL,PHILBIN R,3.010,502,33,40,21,4,1,1,4,0,0,0
STAT,201,2015,FALL,PEISKEE J,3.465,501,61,28,11,0,1,0,0,0,0,0
STAT,201,2015,SPRING,PHILBIN R,3.000,502,31,47,22,3,1,0,0,0,0,0
STAT,201,2015,SPRING,GODDARD S,2.653,501,16,27,20,6,3,0,0,0,0,0
STAT,211,2015 SPRING,2.594,2.869,2.63,2.633,2.625,,,,,,,,,,,,,,,,,,,,,,,,,,,,,,,,,,,,,,,,,,,
STAT,211,2015 SUMMER,3,,,,,2.764,,,,,,,,,,,,,,,,,,,,,,,,,,,,,,,,,,,,,,,,,,
STAT,211,2015 FALL,2.737,,2.656,,,,2.867,2.707,2.775,2.649,2.648,,,,,,,,,,,,,,,,,,,,,,,,,,,,,,,,,,,,,
STAT,211,2016 SPRING,2.743,,,,2.754,,,2.663,2.836,,,3.108,,,,,,,,,,,,,,,,,,,,,,,,,,,,,,,,,,,,
STAT,211,2016 SUMMER,2.745,,,,,2.736,,,,,,,,,,,,,,,,,,,,,,,,,,,,,,,,,,,,,,,,,,
STAT,211,2016 FALL,2.876,3.067,3.031,,,,,,2.967,2.868,,,3.114,,,,,,,,,,,,,,,,,,,,,,,,,,,,,,,,,,,
STAT,211,2017 SPRING,2.736,,3.244,,2.945,,,,,,,3.254,,2.977,,,,,,,,,,,,,,,,,,,,,,,,,,,,,,,,,,
STAT,211,2017 SUMMER,3.235,,,,,,,,,,,,,,2.893,,,,,,,,,,,,,,,,,,,,,,,,,,,,,,,,,
STAT,211,2017 FALL,2.917,,,,,,,,2.989,2.918,,,,2.765,,3.246,3.32,2.75,,,,,,,,,,,,,,,,,,,,,,,,,,,,,,
STAT,211,2018 SPRING,2.882,2.981,,,,,,,,,,3.089,,3.068,,,,,3.018,,,,,,,,,,,,,,,,,,,,,,,,,,,,,
STAT,211,2018 SUMMER,2.972,,,,,,,,,,,,,,2.889,,,,,,,,,,,,,,,,,,,,,,,,,,,,,,,,,
STAT,211,2018 FALL,2.919,,,,,,,,,,,,,,,,,,,3.264,3.027,3.056,2.964,3.25,3.305,2.4,,,,,,,,,,,,,,,,,,,,,,
STAT,211,2019 SPRING,2.839,,,,,,,,,,,,,,,,,,3.236,3.44,2.99,3.259,,,3.117,,,,,,,,,,,,,,,,,,,,,,,
STAT,211,2019 SUMMER,2.918,,,,,,,,,,,,,,2.775,,,,,,,,,,,,,,,,,,,,,,,,,,,,,,,,,
STAT,211,2019 FALL,2.895,,,,,,,,,,,,,,,3.159,,,,,2.979,3.327,2.84,,3.034,2.667,2.957,3,,,,,,,,,,,,,,,,,,,,
STAT,211,2020 SPRING,3.063,,,,,,,,,,,,,,,,,,,,,,,,,,,2.981,2.93,3.241,3.34,,,,,,,,,,,,,,,,,
STAT,211,2020 SUMMER,3.171,,,,,,,,,,,,,,3.007,,,,,,,,,,,,,,,,,,,,,,,,,,,,,,,,,
STAT,211,2020 FALL,3.096,,,,,,,,,,,,,,,,,,,,3.079,,3.226,,,,,,,,,3.589,3.809,3.458,3.51,3.849,,,,,,,,,,,,
STAT,211,2021 SPRING,2.989,,,,,,,,,,,,,,,,,,,,,,,,,,,,2.811,,,3.598,,,3.536,,,,,,,,,,,,,
STAT,211,2021 SUMMER,2.918,,,,,,,,,,,,,,3.224,,,,,,,,,,,,,,,,,,,,,,,,,,,,,,,,,
STAT,211,2021 FALL,3.009,,,,,,,,,,,3.226,,,,,,,,,,,,,,,,,2.78,,,,,,3.742,,3.638,3.146,3.336,2.828,2.8,,,,,,,
STAT,211,2022 SPRING,2.882,,,,,,,,,,,,,,,,,,,,,,2.982,,,,,,2.863,,,,,,3.668,,,2.976,,3,,,,,,,,
STAT,211,2022 SUMMER,3.179,,,,,,,,,,,,,,2.767,,,,,,,,,,,,,,,,,,,,,,,3.605,,,,,,,,,,
STAT,211,2022 FALL,2.937,,,,,,,,,,,,,,,,,,,,,,,,,,,,,,,,,,3.789,,,3.417,3.745,2.988,,3.36,3.325,3.011,2.75,,,
STAT,211,2023 SPRING,2.965,,,,,,,,,,,,,,,,,,,,,,,,,,,,2.896,,,,,,3.786,,,2.915,4,,,3.429,,,,,,
STAT,211,2023 SUMMER,2.978,,,,,,,,,,,,,,3.141,,,,,,,,,,,,,,,,,,,,,,,,,,,,,,,,,
STAT,211,2023 FALL,2.913,,,,,,,,,,,,,,,,,,,,,,,,,,,,2.972,,,,,,3.804,3.362,,3.4,,,,3.942,3.305,,,,,
STAT,211,2024 SPRING,2.817,,,,,,,,,,,3.323,,,,,,,,,,,,,,,,,3.068,,,,,,3.687,,,3.226,,,,3.727,,,,3.838,,
STAT,211,2024 SUMMER,2.649,,,,,,,,,,,,,,2.848,,,,,,,,,,,,,,,,,,,,,,,,,,,,,,,,,
STAT,211,2024 FALL,3.574,,,,,,,,,,,,,,,,,,,,,,,,,,,,3.402,,,,,,3.87,2.969,,3.567,3.927,,,,,,,,3.239,
STAT,211,2025 SPRING,3.004,,,,,,,,,,,3.422,,,,,,,,,,,,,,,,,3.437,,,,,,3.311,3.371,,2.971,,,,,,,,,,
STAT,211,2025 SUMMER,3.178,,,,,,,,,,,,,,3.099,,,,,,,,,,,,,,,,,,,,,,,,,,,,,,,,,3.667
STAT,211,Year,Semester,Prof,GPA,Section,A,B,C,D,F,I,Q,S,U,X
STAT,211,2025,SUMMER,HATFIELD L (H),3.099,299,27,27,15,1,1,0,3,0,0,0
STAT,211,2025,SUMMER,HATFIELD L,3.178,199,39,30,20,0,1,0,0,0,0,0
STAT,211,2025,SUMMER,AGHZAWI K,3.667,100,19,2,3,0,0,0,1,0,0,0
STAT,211,2025,SPRING,CRAWFORD S,3.186,599,39,38,19,1,0,0,3,0,0,0
STAT,211,2025,SPRING,CRAWFORD S,3.441,511,55,28,7,2,1,0,2,0,0,0
STAT,211,2025,SPRING,HATFIELD L,3.088,510,32,41,15,0,3,0,3,0,0,0
STAT,211,2025,SPRING,HOMRIGHAUSEN D,3.500,508,62,38,8,0,0,0,2,0,0,0
STAT,211,2025,SPRING,GHOSH P,3.327,507,51,42,12,2,0,0,2,0,0,0
STAT,211,2025,SPRING,DAO T,2.971,506,26,53,20,3,1,0,6,0,0,0
STAT,211,2025,SPRING,ZHANG X,3.422,505,62,33,12,2,0,0,1,0,0,0
STAT,211,2025,SPRING,GHOSH P,3.415,504,63,26,15,2,0,0,3,0,0,0
STAT,211,2025,SPRING,HATFIELD L,3.109,503,34,48,16,2,1,0,9,0,0,0
STAT,211,2025,SPRING,HOMRIGHAUSEN D,3.371,502,56,35,11,3,0,0,5,0,0,0
STAT,211,2025,SPRING,HATFIELD L,2.763,501,17,32,22,2,3,0,6,0,0,0
STAT,211,2024,FALL,GHOSH P,2.969,599,74,60,40,11,6,0,21,0,0,0
STAT,211,2024,FALL,DAO T,3.567,513,62,30,4,0,1,0,0,0,0,0
STAT,211,2024,FALL,HATFIELD L,3.570,512,72,36,5,1,0,0,1,0,0,0
STAT,211,2024,FALL,HATFIELD L,3.491,511,70,36,8,1,1,0,0,0,0,0
STAT,211,2024,FALL,CRAWFORD S,3.870,510,102,11,2,0,0,0,0,0,0,0
STAT,211,2024,FALL,HATFIELD L,3.759,508,43,10,0,1,0,0,2,0,0,0
STAT,211,2024,FALL,YI S,3.217,507,32,21,15,1,0,0,27,0,0,0
STAT,211,2024,FALL,HOMRIGHAUSEN D,3.460,506,65,38,7,3,0,0,2,0,0,0
STAT,211,2024,FALL,HOMRIGHAUSEN D,3.342,505,58,40,8,3,2,0,4,0,0,0
STAT,211,2024,FALL,GUHANIYOGI R,3.927,504,90,5,1,0,0,0,0,0,0,1
STAT,211,2024,FALL,YI S,3.261,503,28,31,10,0,0,0,28,0,0,0
STAT,211,2024,FALL,YI S,3.239,502,30,29,11,1,0,0,25,0,0,0
STAT,211,2024,SUMMER,HATFIELD L (H),2.848,299,22,31,20,4,2,0,6,0,0,0
STAT,211,2024,SUMMER,HATFIELD L,2.649,199,20,40,22,5,7,0,2,0,0,0
STAT,211,2024,SPRING,CRAWFORD S,3.650,599,73,22,2,3,0,0,0,0,0,0
STAT,211,2024,SPRING,CRAWFORD S,3.724,511,77,16,4,1,0,0,2,0,0,0
STAT,211,2024,SPRING,HATFIELD L,2.800,510,23,31,24,5,2,1,14,0,0,0
STAT,211,2024,SPRING,HOMRIGHAUSEN D,3.068,509,16,31,12,0,0,0,1,0,0,0
STAT,211,2024,SPRING,ROITERCHTEIN A,3.731,508,82,23,3,0,0,0,2,0,0,0
STAT,211,2024,SPRING,DAO T,3.274,507,35,13,10,4,0,0,2,0,0,0
STAT,211,2024,SPRING,BRUBAKER C,3.838,506,89,7,1,1,1,0,0,0,0,0
STAT,211,2024,SPRING,ZHANG X,3.323,505,57,24,13,3,2,0,0,0,0,0
STAT,211,2024,SPRING,DAO T,3.196,504,42,38,13,2,2,0,6,0,0,0
STAT,211,2024,SPRING,HATFIELD L,2.797,503,20,26,30,3,0,0,19,0,0,0
STAT,211,2024,SPRING,ROITERCHTEIN A,3.722,502,80,26,2,0,0,0,2,0,0,0
STAT,211,2024,SPRING,HATFIELD L,2.926,501,8,10,8,1,0,0,3,0,0,0
STAT,211,2023,FALL,ROITERCHTEIN A,3.923,514,96,8,0,0,0,0,0,0,0,0
STAT,211,2023,FALL,DAO T,3.400,513,47,40,7,1,0,0,2,0,0,0
STAT,211,2023,FALL,HATFIELD L,2.922,512,28,31,27,4,0,0,21,0,0,0
STAT,211,2023,FALL,HATFIELD L,2.736,511,21,33,25,5,3,0,23,0,0,0
STAT,211,2023,FALL,CRAWFORD S,3.893,510,101,10,1,0,0,0,0,0,0,0
STAT,211,2023,FALL,CRAWFORD S,3.714,509,92,10,8,2,0,0,0,0,0,0
STAT,211,2023,FALL,HATFIELD L,3.192,508,21,24,5,0,2,0,8,0,0,0
STAT,211,2023,FALL,KARMAKAR M,3.250,507,41,40,13,2,0,0,1,0,0,0
STAT,211,2023,FALL,HOMRIGHAUSEN D,2.964,506,24,64,17,4,1,0,2,0,0,0
STAT,211,2023,FALL,HOMRIGHAUSEN D,2.981,505,29,52,18,2,3,0,5,0,0,0
STAT,211,2023,FALL,GHOSH P,3.326,504,45,35,9,3,0,0,5,0,0,0
STAT,211,2023,FALL,KARMAKAR M,3.362,503,50,33,7,3,1,0,2,0,0,0
STAT,211,2023,FALL,GHOSH P,3.398,502,52,29,9,3,0,0,3,0,0,0
STAT,211,2023,FALL,ROITERCHTEIN A,3.962,501,100,4,0,0,0,0,0,0,0,0
STAT,211,2023,SUMMER,HATFIELD L (H),3.141,299,29,35,12,0,2,1,1,0,0,0
STAT,211,2023,SUMMER,HATFIELD L,2.978,199,29,33,24,2,1,0,0,0,0,0
STAT,211,2023,SPRING,HATFIELD L,2.754,511,16,25,19,2,3,0,21,0,0,0
STAT,211,2023,SPRING,HATFIELD L,3.200,510,30,26,13,0,1,0,19,0,0,0
STAT,211,2023,SPRING,HOMRIGHAUSEN D,2.896,509,11,25,9,2,1,0,3,0,0,0
STAT,211,2023,SPRING,ROITERCHTEIN A,3.443,508,57,41,7,0,1,0,1,0,0,0
STAT,211,2023,SPRING,DAO T,2.707,507,32,29,22,9,7,0,1,0,0,0
STAT,211,2023,SPRING,CRAWFORD S,3.786,506,82,12,3,1,0,1,1,0,0,0
STAT,211,2023,SPRING,GUHANIYOGI R,4.000,505,99,0,0,0,0,0,1,0,0,0
STAT,211,2023,SPRING,DAO T,3.119,504,50,26,15,7,3,0,1,0,0,0
STAT,211,2023,SPRING,HATFIELD L,2.929,503,17,33,18,2,0,0,17,0,0,0
STAT,211,2023,SPRING,ROITERCHTEIN A,3.413,502,55,39,8,2,0,0,1,0,0,0
STAT,211,2023,SPRING,HATFIELD L,2.962,501,18,18,13,2,1,0,19,0,0,0
STAT,211,2022,FALL,WOOD A,2.750,550,3,7,5,1,0,0,0,0,0,0
STAT,211,2022,FALL,ROITERCHTEIN A,3.303,514,49,61,7,0,2,1,1,0,0,1
STAT,211,2022,FALL,GUHANIYOGI R,3.745,513,80,8,2,4,0,0,2,0,0,0
STAT,211,2022,FALL,HATFIELD L,2.981,512,32,43,30,2,0,0,7,0,0,0
STAT,211,2022,FALL,HATFIELD L,2.769,511,26,37,34,5,2,0,8,0,0,0
STAT,211,2022,FALL,CRAWFORD S,3.757,510,94,11,4,0,2,1,0,0,0,2
STAT,211,2022,FALL,CRAWFORD S,3.822,509,90,15,2,0,0,1,0,0,0,6
STAT,211,2022,FALL,HATFIELD L,3.158,508,21,24,12,0,0,0,3,0,0,0
STAT,211,2022,FALL,KARMAKAR M,3.317,507,43,26,10,2,1,0,14,0,0,0
STAT,211,2022,FALL,DAO T,3.417,506,66,27,11,2,2,1,3,0,0,0
STAT,211,2022,FALL,WANG R,3.011,504,34,38,12,6,3,0,2,0,0,0
STAT,211,2022,FALL,KARMAKAR M,3.333,503,42,29,12,1,0,2,10,0,0,0
STAT,211,2022,FALL,KOLODZIEJ E,2.988,502,28,32,22,2,1,0,11,0,0,0
STAT,211,2022,FALL,ROITERCHTEIN A,3.417,501,58,54,8,0,0,0,0,0,0,1
STAT,211,2022,SUMMER,HATFIELD L (H),2.767,200,16,23,15,3,3,0,2,0,0,0
STAT,211,2022,SUMMER,DAO T,3.605,101,48,26,2,0,0,0,1,0,0,0
STAT,211,2022,SUMMER,HATFIELD L,3.179,100,11,11,6,0,0,0,0,0,0,0
STAT,211,2022,SPRING,HOMRIGHAUSEN D,2.900,511,9,24,3,2,2,0,3,0,0,0
STAT,211,2022,SPRING,HOMRIGHAUSEN D,2.818,510,9,13,8,2,1,0,1,0,0,0
STAT,211,2022,SPRING,KOLODZIEJ E,3.000,509,20,18,14,0,2,0,5,0,0,0
STAT,211,2022,SPRING,DAO T,2.971,508,39,37,16,7,4,0,3,0,0,0
STAT,211,2022,SPRING,CRAWFORD S,3.670,507,85,17,4,1,2,0,0,0,0,0
STAT,211,2022,SPRING,CRAWFORD S,3.667,506,83,17,6,1,1,0,0,0,0,0
STAT,211,2022,SPRING,DAO T,2.981,505,43,30,24,9,1,0,2,0,0,0
STAT,211,2022,SPRING,HATFIELD L,3.070,504,35,45,14,4,2,0,10,0,0,0
STAT,211,2022,SPRING,HATFIELD L,2.851,503,31,32,21,6,4,0,12,0,0,0
STAT,211,2022,SPRING,NI Y,2.982,502,38,37,28,6,0,0,1,0,0,0
STAT,211,2022,SPRING,HATFIELD L,2.569,501,9,21,13,6,2,0,4,0,0,0
STAT,211,2021,FALL,PANCHANG V,2.800,550,0,4,1,0,0,0,0,0,0,0
STAT,211,2021,FALL,DAO T,3.311,515,54,36,7,3,3,0,2,0,0,0
STAT,211,2021,FALL,HOMRIGHAUSEN D,2.970,514,11,13,6,3,0,0,4,0,0,0
STAT,211,2021,FALL,GUHANIYOGI R,3.277,513,42,27,10,3,1,0,3,0,0,0
STAT,211,2021,FALL,HATFIELD L,3.078,512,32,49,21,0,1,0,6,0,0,0
STAT,211,2021,FALL,HATFIELD L,2.667,511,12,20,15,6,1,0,7,0,0,0
STAT,211,2021,FALL,CRAWFORD S,3.663,510,68,18,5,1,0,0,2,0,0,0
STAT,211,2021,FALL,CRAWFORD S,3.819,509,80,13,0,0,1,0,1,0,0,0
STAT,211,2021,FALL,HATFIELD L,3.218,508,24,19,12,0,0,0,3,0,0,0
STAT,211,2021,FALL,DAO T,3.070,507,44,30,17,7,2,0,1,0,0,0
STAT,211,2021,FALL,KOLODZIEJ E,2.828,506,23,34,24,4,2,0,19,0,0,0
STAT,211,2021,FALL,GUHANIYOGI R,3.421,505,36,14,4,1,2,0,2,0,0,0
STAT,211,2021,FALL,DAO T,3.000,504,30,17,8,5,4,0,1,0,0,0
STAT,211,2021,FALL,ZHANG X,3.226,503,37,31,15,0,1,0,11,0,0,0
STAT,211,2021,FALL,HARRIS T,3.638,502,74,24,7,0,0,0,4,0,0,1
STAT,211,2021,FALL,HOMRIGHAUSEN D,2.717,501,22,41,24,10,2,0,5,0,0,0
STAT,211,2021,SUMMER,HATFIELD L (H),3.224,200,51,54,18,1,1,0,2,0,0,0
STAT,211,2021,SUMMER,HATFIELD L,2.918,100,40,54,32,5,3,0,6,0,0,0
STAT,211,2021,SPRING,HOMRIGHAUSEN D,2.885,511,11,4,9,1,1,0,2,0,0,0
STAT,211,2021,SPRING,HOMRIGHAUSEN D,2.937,510,21,21,18,2,1,0,7,0,0,0
STAT,211,2021,SPRING,ABURWEIS M,3.604,509,70,17,7,1,1,0,2,0,0,0
STAT,211,2021,SPRING,ABURWEIS M,3.660,508,70,16,8,0,0,0,2,0,0,0
STAT,211,2021,SPRING,CRAWFORD S,3.592,507,68,21,8,1,0,0,2,0,0,0
STAT,211,2021,SPRING,CRAWFORD S,3.479,506,65,19,6,5,1,0,1,0,0,0
STAT,211,2021,SPRING,ABURWEIS M,3.519,505,55,17,7,0,2,0,1,0,0,0
STAT,211,2021,SPRING,HATFIELD L,3.114,504,34,35,15,3,1,0,11,0,0,0
STAT,211,2021,SPRING,HATFIELD L,3.065,503,36,29,26,2,0,0,5,0,0,0
STAT,211,2021,SPRING,HOMRIGHAUSEN D,2.698,502,21,29,28,5,3,0,8,0,0,0
STAT,211,2021,SPRING,HATFIELD L,2.782,501,22,32,28,2,3,0,8,0,0,0
STAT,211,2020,FALL,NI Y,3.226,514,29,21,10,1,1,0,2,0,0,0
STAT,211,2020,FALL,HATFIELD L,3.221,513,52,42,14,2,3,0,6,0,0,0
STAT,211,2020,FALL,ABURWEIS M,3.598,512,71,17,5,4,0,0,0,0,0,0
STAT,211,2020,FALL,HATFIELD L,2.742,511,19,43,29,3,3,0,14,0,0,0
STAT,211,2020,FALL,ABURWEIS M,3.534,510,80,27,8,0,3,0,1,0,0,0
STAT,211,2020,FALL,CRAWFORD S,3.589,509,66,24,2,1,2,0,0,0,0,0
STAT,211,2020,FALL,HATFIELD L,3.272,508,51,44,18,1,0,0,2,0,0,0
STAT,211,2020,FALL,GHOSH P,3.842,507,107,10,1,1,1,0,2,0,0,0
STAT,211,2020,FALL,GHOSH P,3.865,506,45,7,0,0,0,0,4,0,0,0
STAT,211,2020,FALL,CRAWFORD S,3.433,505,66,17,9,0,5,0,0,0,0,0
STAT,211,2020,FALL,GHOSH I,3.458,504,59,41,4,3,0,0,3,0,0,0
STAT,211,2020,FALL,DASGUPTA S,3.809,503,80,11,2,1,0,0,1,0,0,0
STAT,211,2020,FALL,DALLAKYAN A,3.079,502,35,35,12,5,2,0,5,0,0,0
STAT,211,2020,FALL,ABURWEIS M,3.636,501,86,29,4,1,1,0,2,0,0,0
STAT,211,2020,SUMMER,HATFIELD L (H),3.007,200,45,54,29,3,3,0,2,0,0,0
STAT,211,2020,SUMMER,HATFIELD L,3.171,100,67,46,27,3,3,0,2,0,0,0
STAT,211,2020,SPRING,ROY CHOWDHURY A,3.340,509,55,31,14,3,0,0,0,0,0,0
STAT,211,2020,SPRING,ROY A,3.241,508,49,42,13,2,2,0,1,0,0,3
STAT,211,2020,SPRING,HOMRIGHAUSEN D,3.010,507,39,34,21,4,3,0,0,0,0,0
STAT,211,2020,SPRING,HOMRIGHAUSEN D,2.863,506,33,36,23,6,4,0,0,0,0,0
STAT,211,2020,SPRING,YANG J,2.981,505,34,45,24,3,2,5,0,0,0,0
STAT,211,2020,SPRING,HATFIELD L,3.292,504,42,33,12,2,0,0,0,0,0,0
STAT,211,2020,SPRING,HATFIELD L,3.077,503,35,34,18,2,2,0,1,0,0,0
STAT,211,2020,SPRING,HOMRIGHAUSEN D,2.917,502,33,31,26,3,3,0,0,0,0,0
STAT,211,2020,SPRING,HATFIELD L,2.826,501,26,38,20,2,6,0,0,0,0,0
STAT,211,2019,FALL,CHUNG J,2.667,550,1,2,3,0,0,0,5,0,0,0
STAT,211,2019,FALL,DALLAKYAN A,2.979,510,38,30,17,10,1,0,2,0,0,0
STAT,211,2019,FALL,DOLE J,3.327,509,26,14,8,1,0,0,0,0,0,0
STAT,211,2019,FALL,HATFIELD L,3.000,508,20,19,13,2,1,0,5,0,0,0
STAT,211,2019,FALL,NI Y,2.840,507,36,41,31,9,2,0,6,0,0,0
STAT,211,2019,FALL,DING P,3.034,506,23,22,8,2,3,0,1,0,0,0
STAT,211,2019,FALL,YANG J,3.000,505,28,37,22,3,0,0,7,0,0,0
STAT,211,2019,FALL,CHAKRABORTY S,3.159,504,31,40,17,0,0,0,7,0,0,0
STAT,211,2019,FALL,HATFIELD L,2.989,503,28,39,25,2,0,0,3,0,0,0
STAT,211,2019,FALL,YUAN D,2.957,502,29,35,24,3,1,0,2,0,0,0
STAT,211,2019,FALL,HATFIELD L,2.709,501,19,27,26,5,2,0,21,0,0,0
STAT,211,2019,SUMMER,HATFIELD L (H),2.775,200,9,16,13,1,1,0,1,0,0,0
STAT,211,2019,SUMMER,HATFIELD L,2.918,100,22,29,18,2,2,0,1,0,1,0
STAT,211,2019,SPRING,WONG R,3.236,508,44,51,13,1,1,0,10,0,0,0
STAT,211,2019,SPRING,DING P,3.117,507,34,39,19,2,0,0,6,0,0,0
STAT,211,2019,SPRING,DALLAKYAN A,2.990,506,36,37,18,5,3,1,4,0,0,0
STAT,211,2019,SPRING,DOLE J,3.259,505,28,19,10,0,1,0,0,1,0,0
STAT,211,2019,SPRING,ACHARYYA S,3.440,504,43,45,3,0,0,0,5,0,0,0
STAT,211,2019,SPRING,HATFIELD L,2.835,503,22,33,26,2,2,0,12,0,0,0
STAT,211,2019,SPRING,HATFIELD L,3.138,502,36,30,19,1,1,0,10,0,0,0
STAT,211,2019,SPRING,HATFIELD L,2.598,501,20,37,41,5,4,0,13,0,0,0
STAT,211,2018,FALL,CHUNG J,2.400,550,1,6,6,2,0,0,0,0,0,0
STAT,211,2018,FALL,DING P,3.305,509,43,42,6,4,0,0,0,0,0,0
STAT,211,2018,FALL,HATFIELD L,3.022,508,33,34,20,1,3,0,5,0,0,0
STAT,211,2018,FALL,GHOSH R,3.250,507,49,44,17,2,0,0,3,0,0,4
STAT,211,2018,FALL,NI Y,2.964,506,19,20,14,2,1,0,2,1,0,0
STAT,211,2018,FALL,DOLE J,3.056,505,23,15,13,2,1,0,4,0,0,0
STAT,211,2018,FALL,DALLAKYAN A,3.027,504,13,16,4,4,0,0,0,0,0,0
STAT,211,2018,FALL,HATFIELD L,2.884,503,37,52,47,0,2,0,14,0,0,0
STAT,211,2018,FALL,ACHARYYA S,3.264,502,40,33,11,3,0,0,3,0,0,0
STAT,211,2018,FALL,HATFIELD L,2.884,501,34,55,34,3,3,0,21,0,0,0
STAT,211,2018,SUMMER,HATFIELD L (H),2.889,200,12,12,9,2,1,0,2,0,0,0
STAT,211,2018,SUMMER,HATFIELD L,2.972,100,25,27,15,3,2,0,1,0,0,0
STAT,211,2018,SPRING,ZHANG X,3.037,508,55,44,27,7,3,2,10,0,0,0
STAT,211,2018,SPRING,WONG R,3.018,507,19,21,14,2,0,0,4,0,0,0
STAT,211,2018,SPRING,ZHANG X,3.256,506,23,11,7,1,1,0,3,0,0,0
STAT,211,2018,SPRING,SANG H,2.981,505,17,21,14,2,0,0,6,0,0,0
STAT,211,2018,SPRING,KATZFUSS M,3.068,504,36,31,12,9,0,0,7,0,0,0
STAT,211,2018,SPRING,HATFIELD L,2.925,503,27,28,19,4,2,0,9,0,0,0
STAT,211,2018,SPRING,HATFIELD L,3.101,502,32,37,18,1,1,0,6,0,0,0
STAT,211,2018,SPRING,HATFIELD L,2.686,501,29,44,29,11,5,0,21,0,0,0
STAT,211,2017,FALL,SEKARAN A,2.750,550,3,2,1,2,0,0,0,0,0,0
STAT,211,2017,FALL,HATFIELD L,3.184,508,20,20,8,0,1,0,10,0,0,0
STAT,211,2017,FALL,PATI D,3.320,507,49,32,14,2,0,0,4,1,0,0
STAT,211,2017,FALL,JUN M,2.918,506,19,23,16,1,2,0,34,0,0,0
STAT,211,2017,FALL,GAYNANOVA I,2.989,505,34,32,15,7,2,0,6,0,0,0
STAT,211,2017,FALL,KATZFUSS M,2.765,504,27,15,12,11,3,0,9,0,0,0
STAT,211,2017,FALL,CHAKRABORTY S,3.246,503,26,22,7,1,1,1,0,0,0,0
STAT,211,2017,FALL,HATFIELD L,3.061,502,28,37,14,0,3,0,14,0,0,0
STAT,211,2017,FALL,HATFIELD L,2.711,501,29,42,40,6,4,0,34,0,0,0
STAT,211,2017,SUMMER,HATFIELD L (H),2.893,200,19,20,13,0,4,0,1,1,0,0
STAT,211,2017,SUMMER,HATFIELD L,3.235,100,22,20,8,1,0,0,1,0,0,0
STAT,211,2017,SPRING,DAHM F,3.204,508,32,48,13,0,0,0,3,0,0,0
STAT,211,2017,SPRING,DAHM F,3.289,507,35,37,11,0,0,1,3,0,0,0
STAT,211,2017,SPRING,LONG J,2.945,506,22,31,17,0,3,0,8,0,0,0
STAT,211,2017,SPRING,ZHANG X,3.254,505,26,26,5,0,2,0,0,0,0,0
STAT,211,2017,SPRING,KATZFUSS M,2.977,504,32,31,16,6,2,0,6,0,0,0
STAT,211,2017,SPRING,HATFIELD L,2.731,503,29,31,34,7,3,0,10,0,0,0
STAT,211,2017,SPRING,HATFIELD L,2.779,502,25,27,25,8,1,0,7,0,0,0
STAT,211,2017,SPRING,HATFIELD L,2.649,501,6,15,14,1,1,0,6,0,0,0
STAT,211,2016,FALL,HATFIELD L,3.018,509,16,27,11,2,0,1,3,0,0,0
STAT,211,2016,FALL,GUHA N,3.114,508,16,18,9,1,0,0,1,0,0,0
STAT,211,2016,FALL,DAHM F,3.040,507,29,48,21,2,0,0,3,0,0,0
STAT,211,2016,FALL,JUN M,2.868,506,22,26,24,4,0,0,18,0,0,0
STAT,211,2016,FALL,SANG H,3.067,505,30,37,22,1,0,1,5,0,0,0
STAT,211,2016,FALL,GAYNANOVA I,2.967,504,30,35,22,4,1,0,4,0,0,0
STAT,211,2016,FALL,DAHM F,3.023,503,41,60,21,4,3,0,6,0,0,0
STAT,211,2016,FALL,HATFIELD L,3.011,502,34,33,19,1,4,0,6,0,0,0
STAT,211,2016,FALL,HATFIELD L,2.586,501,18,21,21,4,6,0,11,0,0,0
STAT,211,2016,SUMMER,DABNEY A (H),2.736,200,13,17,20,2,1,1,1,0,0,0
STAT,211,2016,SUMMER,HATFIELD L,2.745,100,13,23,13,4,2,0,2,0,0,0
STAT,211,2016,SPRING,LONG J,2.754,508,14,28,23,4,0,0,8,0,0,0
STAT,211,2016,SPRING,WIJESURIYA U,2.574,507,14,20,18,5,4,0,15,0,0,0
STAT,211,2016,SPRING,WIJESURIYA U,2.947,506,7,6,5,0,1,0,6,0,0,0
STAT,211,2016,SPRING,ZHANG X,3.108,505,24,30,6,4,1,0,7,0,0,0
STAT,211,2016,SPRING,GAYNANOVA I,2.836,504,19,23,20,5,0,0,10,0,0,0
STAT,211,2016,SPRING,HATFIELD L,2.876,503,31,37,18,8,3,0,6,0,0,0
STAT,211,2016,SPRING,HATFIELD L,2.763,502,27,29,28,6,3,0,9,0,0,0
STAT,211,2016,SPRING,HATFIELD L,2.551,501,11,28,34,3,2,0,8,0,0,0
STAT,211,2015,FALL,AKLEMAN D,2.681,509,13,30,20,3,3,0,2,0,0,0
STAT,211,2015,FALL,AKLEMAN D,2.610,508,11,23,18,5,2,0,10,0,0,0
STAT,211,2015,FALL,DAHM F,2.656,507,13,25,20,3,3,1,8,0,0,0
STAT,211,2015,FALL,JUN M,2.649,506,25,33,24,10,5,0,20,0,0,0
STAT,211,2015,FALL,GAYNANOVA I,2.775,505,20,27,15,6,3,0,5,0,0,0
STAT,211,2015,FALL,WIJESURIYA U,2.707,504,14,19,19,6,0,0,12,0,0,0
STAT,211,2015,FALL,HATFIELD L,2.723,503,30,47,44,5,4,0,17,0,0,0
STAT,211,2015,FALL,HATFIELD L,2.722,502,22,21,19,7,3,0,8,0,0,0
STAT,211,2015,FALL,HATFIELD L,2.770,501,23,32,24,5,3,0,15,0,0,0
STAT,211,2015,FALL,CUMMINGS S,2.867,500,16,28,10,4,2,0,0,0,0,0
STAT,211,2015,SUMMER,DABNEY A (H),2.764,200,11,41,14,4,2,0,2,0,0,0
STAT,211,2015,SUMMER,HATFIELD L,3.000,100,23,28,16,2,1,0,1,0,0,0
STAT,211,2015,SPRING,LONG J,2.625,508,19,39,36,8,2,1,13,0,0,0
STAT,211,2015,SPRING,HART J,2.633,507,16,33,35,4,2,0,11,0,0,0
STAT,211,2015,SPRING,SANG H,2.836,506,20,25,24,4,0,0,4,0,0,0
STAT,211,2015,SPRING,DAHM F,2.630,505,15,28,31,7,0,0,8,0,0,0
STAT,211,2015,SPRING,SANG H,2.903,504,22,27,18,4,1,0,4,0,0,0
STAT,211,2015,SPRING,HATFIELD L,2.565,503,23,28,23,14,4,0,12,0,0,0
STAT,211,2015,SPRING,HATFIELD L,2.647,502,24,23,24,12,2,0,18,0,0,0
STAT,211,2015,SPRING,HATFIELD L,2.570,501,13,33,23,6,4,0,19,0,0,0
STAT,212,2015 SPRING,3.027,2.74,,,,,,,,,,,,,,,,
STAT,212,2015 FALL,,,2.84,,,,,,,,,,,,,,,
STAT,212,2016 SPRING,,,,2.824,3.169,,,,,,,,,,,,,
STAT,212,2016 FALL,,,,3.054,,,,,,,,,,,,,,
STAT,212,2017 SPRING,,,,,3.128,,,,,,,,,,,,,
STAT,212,2017 FALL,,,,3.038,,,,,,,,,,,,,,
STAT,212,2018 SPRING,,,,,3.435,,,,,,,,,,,,,
STAT,212,2018 FALL,,,,2.8,,,,,,,,,,,,,,
STAT,212,2019 SPRING,,,,,3.096,,,,,,,,,,,,,
STAT,212,2019 FALL,,,,,3.105,,,,,,,,,,,,,
STAT,212,2020 SPRING,,,,,,3.172,,,,,,,,,,,,
STAT,212,2020 SUMMER,,,,,,,2.879,,,,,,,,,,,
STAT,212,2020 FALL,,,,,3.509,,,,,,,,,,,,,
STAT,212,2021 SPRING,,,,,3.565,3.432,,,,,,,,,,,,
STAT,212,2021 SUMMER,,,,,,,,2.952,,,,,,,,,,
STAT,212,2021 FALL,,,,,,3.172,,,3.39,,,,,,,,,
STAT,212,2022 SPRING,,,,,,,,,,3.227,3.055,,,,,,,
STAT,212,2022 SUMMER,,,,,,,,,,,,3.111,,,,,,
STAT,212,2022 FALL,,,,,,3,,,3.438,,,,,,,,,
STAT,212,2023 SPRING,,,,,,,,,,,,,3.541,2.986,,,,
STAT,212,2023 SUMMER,,,,,,,,,,,,,,,3.517,,,
STAT,212,2023 FALL,,,,,,,,,3.349,,,,,,,3.065,,
STAT,212,2024 SPRING,,,,,,,,,3.731,,,,,3.436,,,,
STAT,212,2024 SUMMER,,,,,,,,,,,,,,,,,2.639,
STAT,212,2024 FALL,,,,,,,,,3.667,,,,,,,2.855,,
STAT,212,2025 SPRING,,,,,,,,,,,,,,3.462,,,,3
STAT,212,2025 SUMMER,,,,,,,,,,,,,,,,,2.661,
STAT,212,Year,Semester,Prof,GPA,Section,A,B,C,D,F,I,Q,S,U,X
STAT,212,2025,SUMMER,CRAWFORD S (H),2.661,299,16,15,18,4,3,0,2,0,0,0
STAT,212,2025,SPRING,ROGOVCHENKO V,3.000,503,34,21,12,8,2,0,7,0,0,0
STAT,212,2025,SPRING,NING P,3.541,502,56,20,8,1,0,0,0,0,0,0
STAT,212,2025,SPRING,NING P,3.381,501,47,24,11,2,0,0,0,0,0,0
STAT,212,2024,FALL,KOLODZIEJ E,2.855,502,24,35,16,4,4,2,4,0,0,0
STAT,212,2024,FALL,GUHA S,3.667,501,70,15,1,3,1,0,4,0,0,1
STAT,212,2024,SUMMER,CRAWFORD S (H),2.639,299,11,30,27,2,2,0,3,0,0,0
STAT,212,2024,SPRING,GUHA S,3.731,502,71,19,3,0,0,0,3,0,0,0
STAT,212,2024,SPRING,NING P,3.436,501,54,29,10,0,1,0,1,0,0,0
STAT,212,2023,FALL,KOLODZIEJ E,3.065,502,23,24,12,2,1,0,6,0,0,0
STAT,212,2023,FALL,GUHA S,3.349,501,42,33,10,1,0,0,4,0,0,0
STAT,212,2023,SUMMER,ROITERCHTEIN A (H),3.517,299,15,14,0,0,0,1,0,0,0,0
STAT,212,2023,SPRING,NING P,2.986,502,26,25,12,6,1,0,5,0,0,0
STAT,212,2023,SPRING,GHOSH P,3.541,501,52,27,6,0,0,0,10,0,0,0
STAT,212,2022,FALL,CHAKRABORTTY A,3.000,502,17,20,8,3,1,0,13,0,0,0
STAT,212,2022,FALL,GUHA S,3.438,501,42,23,6,2,0,1,3,0,0,0
STAT,212,2022,SUMMER,ABURWEIS M,3.111,100,4,12,2,0,0,0,0,0,0,0
STAT,212,2022,SPRING,KUNDU A,3.055,502,23,16,13,2,1,0,12,0,0,0
STAT,212,2022,SPRING,LUO Z,3.227,501,25,31,10,0,0,0,6,0,0,0
STAT,212,2021,FALL,CHAKRABORTTY A,3.172,502,12,12,4,0,1,0,9,0,0,0
STAT,212,2021,FALL,GUHA S,3.390,501,34,17,5,3,0,0,10,0,0,1
STAT,212,2021,SUMMER,ABURWEIS M (H),2.952,200,20,8,9,2,3,0,0,0,0,0
STAT,212,2021,SPRING,HART J,3.565,502,47,7,6,0,2,0,3,0,0,0
STAT,212,2021,SPRING,CHAKRABORTTY A,3.432,501,22,10,4,1,0,0,28,0,0,0
STAT,212,2020,FALL,HART J,3.509,501,70,26,6,2,2,0,3,0,0,0
STAT,212,2020,SUMMER,ZILBER D,2.879,101,12,10,8,1,2,0,4,0,0,0
STAT,212,2020,SPRING,CHAKRABORTTY A,3.172,501,44,33,7,6,3,0,2,0,0,0
STAT,212,2019,FALL,HART J,3.105,501,34,41,17,2,1,0,3,0,0,0
STAT,212,2019,SPRING,HART J,3.096,501,32,61,21,0,0,0,2,0,0,0
STAT,212,2018,FALL,POURAHMADI M,2.800,501,16,39,19,5,1,0,6,0,0,0
STAT,212,2018,SPRING,HART J,3.435,501,48,29,5,3,0,0,5,0,0,0
STAT,212,2017,FALL,POURAHMADI M,3.038,501,16,26,8,3,0,0,2,0,0,0
STAT,212,2017,SPRING,HART J,3.128,501,26,40,8,4,0,0,4,0,0,0
STAT,212,2016,FALL,POURAHMADI M,3.054,501,18,27,7,4,0,0,4,0,0,0
STAT,212,2016,SPRING,HART J,3.169,502,24,42,11,0,0,0,0,0,0,0
STAT,212,2016,SPRING,POURAHMADI M,2.824,501,7,15,11,1,0,0,1,0,0,0
STAT,212,2015,FALL,DAHM F,2.776,502,32,58,49,8,0,0,2,0,0,0
STAT,212,2015,FALL,DAHM F,3.075,501,11,21,8,0,0,0,0,0,0,0
STAT,212,2015,SPRING,CLINE D,2.740,502,27,33,37,4,3,0,6,0,0,0
STAT,212,2015,SPRING,WANG S,3.027,501,26,29,14,5,0,0,3,0,0,0
STAT,301,2015 SPRING,2.855,,,
STAT,301,2015 FALL,3,,,
STAT,301,2016 SPRING,,2.767,,
STAT,301,2016 FALL,3.262,,,
STAT,301,2017 SPRING,,,2.938,
STAT,301,2017 FALL,2.945,,,
STAT,301,2018 SPRING,3,,,
STAT,301,2018 FALL,,,,3.237
STAT,301,2019 SPRING,,,,2.544
STAT,301,2019 FALL,3.096,,,
STAT,301,Year,Semester,Prof,GPA,Section,A,B,C,D,F,I,Q,S,U,X
STAT,301,2019,FALL,SUBBARAO S,3.096,500,33,31,13,6,0,1,5,0,0,0
STAT,301,2019,SPRING,RAHMAN S,2.544,501,18,30,30,7,5,0,6,0,0,0
STAT,301,2018,FALL,RAHMAN S,3.237,500,47,28,14,1,3,0,2,0,0,0
STAT,301,2018,SPRING,SUBBARAO S,3.000,501,30,36,15,6,1,0,1,0,0,0
STAT,301,2017,FALL,SUBBARAO S,2.945,500,30,28,31,2,0,1,2,0,0,0
STAT,301,2017,SPRING,SINHA S,2.938,501,26,32,16,3,3,0,5,0,0,0
STAT,301,2016,FALL,SUBBARAO S,3.262,500,43,21,19,1,0,0,4,0,0,0
STAT,301,2016,SPRING,NIKOOIENEJAD A,2.767,501,20,29,14,7,3,0,6,0,0,0
STAT,301,2015,FALL,SUBBARAO S,3.000,500,18,34,10,4,0,1,8,0,0,0
STAT,301,2015,SPRING,SUBBARAO S,2.855,501,18,34,19,5,0,0,10,0,0,0
STAT,302,2015 SPRING,2.896,3.02,2.925,2.974,3.012,2.956,,,,,,,,,,,,,,,,,,,,,,,,,,,,,,,,,,,,,,,,,,,,,,,,,,,,,,,,,,,,,,,,,,
STAT,302,2015 SUMMER,,,,,,,2.87,2.784,3.089,2.459,,,,,,,,,,,,,,,,,,,,,,,,,,,,,,,,,,,,,,,,,,,,,,,,,,,,,,,,,,,,,,
STAT,302,2015 FALL,2.785,,,,2.736,,,,,,2.96,2.896,,,,,,,,,,,,,,,,,,,,,,,,,,,,,,,,,,,,,,,,,,,,,,,,,,,,,,,,,,,,
STAT,302,2016 SPRING,2.883,,3.083,,2.768,,,,,,,,2.457,2.688,2.733,,,,,,,,,,,,,,,,,,,,,,,,,,,,,,,,,,,,,,,,,,,,,,,,,,,,,,,,,
STAT,302,2016 SUMMER,,,,,,,,,,,,,,,,2.78,2.947,2.826,2.934,,,,,,,,,,,,,,,,,,,,,,,,,,,,,,,,,,,,,,,,,,,,,,,,,,,,,
STAT,302,2016 FALL,3.02,,,,3.082,2.969,,,,,3.028,,,,,,,,,2.819,2.964,,,,,,,,,,,,,,,,,,,,,,,,,,,,,,,,,,,,,,,,,,,,,,,,,,,
STAT,302,2017 SPRING,3.051,,2.936,,,,,,,,2.867,,,,,,,,,2.979,3.126,,,,,,,,,,,,,,,,,,,,,,,,,,,,,,,,,,,,,,,,,,,,,,,,,,,
STAT,302,2017 SUMMER,,,,,3.016,,,,3,,,,,,,,,,,,,3.017,2.966,,,,,,,,,,,,,,,,,,,,,,,,,,,,,,,,,,,,,,,,,,,,,,,,,
STAT,302,2017 FALL,3.021,,,,2.991,,,,,,2.935,,,,,,,,,2.867,,,,3.093,,,,,,,,,,,,,,,,,,,,,,,,,,,,,,,,,,,,,,,,,,,,,,,,
STAT,302,2018 SPRING,3.056,,,,3.079,,,,,,3.011,,,3.005,,,,,,2.978,,,,,2.988,,,,,,,,,,,,,,,,,,,,,,,,,,,,,,,,,,,,,,,,,,,,,,,
STAT,302,2018 SUMMER,,,,,3.026,,,,2.75,,,,,,,,,,,,,,,,,2.904,3.064,,,,,,,,,,,,,,,,,,,,,,,,,,,,,,,,,,,,,,,,,,,,,
STAT,302,2018 FALL,3.013,,,,,,,,,,3.014,,,,,,,,,,,,,,,2.988,,3.567,,,,,,,,,,,,,,,,,,,,,,,,,,,,,,,,,,,,,,,,,,,,
STAT,302,2019 SPRING,3.034,,,,3.102,,,,,,2.981,,,,,,,,,,,,,,,3.226,,,2.535,3.056,,,,,,,,,,,,,,,,,,,,,,,,,,,,,,,,,,,,,,,,,,
STAT,302,2019 SUMMER,,,,,,,,,,,,,,,,,,,,,,,,,,,,,,,3.108,2.973,2.944,3.355,3.071,,,,,,,,,,,,,,,,,,,,,,,,,,,,,,,,,,,,,
STAT,302,2019 FALL,2.988,,,,,,,,,,,,,,,,,,,2.934,,,,,,,,3.547,,,,,,,,2.814,3.026,,,,,,,,,,,,,,,,,,,,,,,,,,,,,,,,,,,
STAT,302,2020 SPRING,,,,,,,,,,,3.118,,,,,,,,,,,,,,,,,3.516,,3.088,,,,,,,,3.013,3.026,,,,,,,,,,,,,,,,,,,,,,,,,,,,,,,,,
STAT,302,2020 SUMMER,,,,,,,,,,,,,,,,,,,,,,,,,,,,,,,,,,,,,,,,3.783,3.047,3.207,2.873,,,,,,,,,,,,,,,,,,,,,,,,,,,,,
STAT,302,2020 FALL,,,,,,,,,,,,,,,,,,,,,,3.384,,,,,,3.438,,,,,,,,,,,3.223,,,,,,,,,,,,,,,,,,,,,,,,,,,,,,,,,
STAT,302,2021 SPRING,3.072,,,,3.189,,,,,,,,,,,,,,,,,3.682,,,,,,,,,,,,,,,,,,,,,,3.163,3.708,3.326,,,,,,,,,,,,,,,,,,,,,,,,,,
STAT,302,2021 SUMMER,,,,,,,,,,,,,,,,,,,,,,3.69,,,,,,,,,,,,,,,,,,,,,,,,,3.835,3.31,,,,,,,,,,,,,,,,,,,,,,,,
STAT,302,2021 FALL,,,,,,,,,,,,,,,,,,,,,,,,,,,,,,,,,,,,,,,,,,,,,,,,,3.621,3.602,3.643,2.705,3.729,,,,,,,,,,,,,,,,,,,
STAT,302,2022 SPRING,,,,,2.947,,,,,,,,,,,,,,,,,,,,,,,,,,,,,,,,,,,,,,,,,,,,,,3.59,,,3.293,3.4,,,,,,,,,,,,,,,,,
STAT,302,2022 SUMMER,,,,,,,,,,,,,,,,,,,,,,,,,,,,,,,,,,,,,,,,,,,,,,,,,,,,,,,,3.526,3.047,3.647,,,,,,,,,,,,,,
STAT,302,2022 FALL,,,,,,,,,,,,,,,,,,,,,,,,,,,,,,,,,,,,,,,,,,,,3.122,,,,,,,3.636,3.018,3.743,,2.745,,,,2.896,3.452,,,,,,,,,,,,
STAT,302,2023 SPRING,,,,,3.242,,,,,,2.848,,,,,,,,,,,,,,,,,,,,,,,,,,,,,,,,,,,,,,,,3.527,3.295,,,,,,,,,,,,,,,,,,,,
STAT,302,2023 SUMMER,,,,,,,,,,,,,,,,,,,,,,,,,,,,,,,,,,,,,,,,,,,,,,,,,,,,3.229,,,,,,,,,3.622,,,,,,,,,,,
STAT,302,2023 FALL,,,,,,,,,,,,,,,,,,,,,,,,,,,,,,,,,,,,,,,,,,,,,,,,,,,3.697,3.113,,,,,,3.85,,,,3.294,3.211,3.189,3.383,,,,,,,
STAT,302,2024 SPRING,,,,,,,,,,,2.99,,,,,,,,,,,,,,,,,,,,,,,,,,,,2.973,,,,,,,,,,,,3.456,3.344,,,,,,3.833,,,,,,,,2.944,3.036,,,,,
STAT,302,2024 SUMMER,,,,,,,,,,,,,,,,,,,,,,,,,,,,,,,,,,,,,,,,,,,,,,,,,,,,3.28,,,,,,3.821,,,,,,,,,,,,,,
STAT,302,2024 FALL,,,,,,,,,,,,,,,,,,,,,,,,,,,,,,,,,,,,,,,3.063,,,,,,,,,,,,3.676,3.221,,,,,,3.833,,,,,,,3.17,,,3.086,3.213,3.069,,
STAT,302,2025 SPRING,,,,,,,,,,,2.81,,,,,,,,,,,,,,,,,,,,,,,,,,,,2.802,,,,,,,,,,,,3.705,3.131,,,,,,3.7,,,,,,,,,,,,,2.956,
STAT,302,2025 SUMMER,,,,,,,,,,,,,,,,,,,,,,,,,,,,,,,,,,,,,,,,,,,,,,,,,,,,3.01,,,,,,3.843,,,,,,,,,,,,,,3.9
STAT,302,Year,Semester,Prof,GPA,Section,A,B,C,D,F,I,Q,S,U,X
STAT,302,2025,SUMMER,ABURWEIS M (H),3.843,299,80,6,2,0,1,0,0,0,0,0
STAT,302,2025,SUMMER,HA S,3.010,199,38,29,22,6,1,0,1,0,0,0
STAT,302,2025,SUMMER,WANG Z,3.900,100,9,1,0,0,0,0,0,0,0,0
STAT,302,2025,SPRING,ABURWEIS M,3.705,599,68,26,1,0,0,0,0,0,0,0
STAT,302,2025,SPRING,YI S,2.610,508,8,16,11,5,1,0,2,0,0,0
STAT,302,2025,SPRING,HA S,3.113,507,42,37,24,3,0,0,3,0,0,0
STAT,302,2025,SPRING,HA S,3.148,506,49,30,26,2,1,0,2,0,0,0
STAT,302,2025,SPRING,JAMES C,2.956,504,36,26,18,8,2,0,4,0,0,0
STAT,302,2025,SPRING,KOLODZIEJ E,2.521,503,10,16,13,7,2,1,10,0,0,0
STAT,302,2025,SPRING,YI S,2.945,502,17,21,15,1,1,0,3,0,0,0
STAT,302,2025,SPRING,KOLODZIEJ E,3.053,501,24,17,12,3,1,0,3,0,0,0
STAT,302,2025,SPRING,ABURWEIS M (H),3.700,200,16,2,2,0,0,0,0,0,0,0
STAT,302,2024,FALL,ANDROS R,3.170,510,47,25,16,3,3,0,0,0,0,0
STAT,302,2024,FALL,ABURWEIS M,3.676,508,80,18,5,2,0,2,3,0,0,0
STAT,302,2024,FALL,YI S,3.000,507,13,15,11,1,0,0,4,0,0,0
STAT,302,2024,FALL,PENG X,3.069,506,39,32,28,2,0,0,2,0,0,0
STAT,302,2024,FALL,DAS S,3.213,505,57,24,21,5,1,0,1,0,0,0
STAT,302,2024,FALL,HUANG K,3.086,504,40,39,21,5,0,0,4,0,0,0
STAT,302,2024,FALL,YI S,3.125,502,14,19,5,2,0,0,5,0,0,0
STAT,302,2024,FALL,HA S,3.221,501,41,27,15,2,1,1,1,0,0,0
STAT,302,2024,FALL,ABURWEIS M (H),3.833,201,22,0,2,0,0,0,0,0,0,0
STAT,302,2024,SUMMER,ABURWEIS M (H),3.821,299,94,8,2,1,1,0,1,0,0,0
STAT,302,2024,SUMMER,HA S,3.280,199,53,34,17,3,0,0,0,0,0,0
STAT,302,2024,SPRING,ABURWEIS M,3.456,599,55,25,7,2,1,0,4,0,0,0
STAT,302,2024,SPRING,JUNG Y,3.036,508,17,26,11,2,0,0,7,0,0,0
STAT,302,2024,SPRING,HA S,3.295,507,59,24,16,6,0,1,6,0,0,0
STAT,302,2024,SPRING,HA S,3.391,506,59,38,10,3,0,0,2,0,0,0
STAT,302,2024,SPRING,CHAPAGAIN N,2.944,504,33,28,21,7,1,0,2,0,0,0
STAT,302,2024,SPRING,KOLODZIEJ E,3.128,503,20,17,7,2,1,2,5,0,0,0
STAT,302,2024,SPRING,YI S,2.973,502,28,22,19,1,3,0,6,0,0,0
STAT,302,2024,SPRING,KOLODZIEJ E,2.863,501,18,17,9,5,2,0,8,0,0,0
STAT,302,2024,SPRING,ABURWEIS M (H),3.833,200,10,2,0,0,0,0,0,0,0,0
STAT,302,2023,FALL,ANDROS R,3.383,510,57,20,14,2,1,0,0,0,0,0
STAT,302,2023,FALL,ABURWEIS M,3.697,508,84,17,8,0,0,0,1,0,0,0
STAT,302,2023,FALL,HA S,3.013,507,25,31,22,1,0,1,2,0,0,0
STAT,302,2023,FALL,BRIGHTENBURG W,3.189,506,48,37,14,7,0,0,2,0,0,0
STAT,302,2023,FALL,CIRKOVIC D,3.211,505,46,44,15,4,0,0,1,0,0,0
STAT,302,2023,FALL,ABURWEIS M,3.697,504,81,23,5,0,0,0,0,0,0,0
STAT,302,2023,FALL,HA S,3.187,502,44,41,20,2,0,1,1,0,0,0
STAT,302,2023,FALL,ROITERCHTEIN A,3.294,501,41,31,11,1,1,1,3,0,0,0
STAT,302,2023,FALL,ABURWEIS M (H),3.850,201,17,3,0,0,0,0,0,0,0,0
STAT,302,2023,SUMMER,BOYLES W (H),3.622,299,68,23,7,0,0,0,0,0,0,0
STAT,302,2023,SUMMER,HA S,3.229,199,41,25,13,3,1,0,0,0,0,0
STAT,302,2023,SPRING,SINHA S,3.242,599,39,39,11,0,2,0,4,0,0,0
STAT,302,2023,SPRING,ABURWEIS M,3.581,508,62,24,6,1,0,0,2,0,0,0
STAT,302,2023,SPRING,HA S,3.234,507,54,29,19,5,0,1,4,0,0,0
STAT,302,2023,SPRING,HA S,3.355,506,66,22,17,5,0,1,1,0,0,0
STAT,302,2023,SPRING,ABURWEIS M,3.366,504,53,26,10,3,1,2,0,0,0,0
STAT,302,2023,SPRING,KOLODZIEJ E,2.725,503,16,15,12,6,2,0,9,0,0,0
STAT,302,2023,SPRING,ABURWEIS M,3.634,502,63,26,4,0,0,0,2,0,0,0
STAT,302,2023,SPRING,KOLODZIEJ E,2.963,501,21,18,9,4,2,0,5,0,0,0
STAT,302,2022,FALL,ABURWEIS M,3.677,510,70,18,4,0,1,0,2,0,0,0
STAT,302,2022,FALL,NGUYEN H,3.452,509,19,7,5,0,0,0,0,0,0,0
STAT,302,2022,FALL,ABURWEIS M,3.598,508,78,20,5,3,1,0,1,0,0,0
STAT,302,2022,FALL,PETERS A,3.743,507,87,18,3,0,1,0,0,0,0,0
STAT,302,2022,FALL,CHAKRABORTY A,3.122,506,16,18,5,0,2,0,1,0,0,0
STAT,302,2022,FALL,CHANG H,2.896,505,18,15,9,4,2,1,2,0,0,0
STAT,302,2022,FALL,ABURWEIS M,3.639,504,79,20,8,1,0,0,1,0,0,0
STAT,302,2022,FALL,BOYLES W,2.745,502,28,34,29,8,3,0,2,0,0,0
STAT,302,2022,FALL,HA S,3.018,501,23,14,16,3,0,0,2,0,0,0
STAT,302,2022,SUMMER,ABURWEIS M (H),3.647,201,24,8,2,0,0,0,0,0,0,0
STAT,302,2022,SUMMER,CHOI J,3.047,102,41,22,12,5,5,0,0,0,0,0
STAT,302,2022,SUMMER,YAN J,3.526,101,11,7,1,0,0,0,1,0,0,0
STAT,302,2022,SPRING,ABURWEIS M,3.726,508,75,15,4,1,0,0,0,0,0,0
STAT,302,2022,SPRING,ABURWEIS M,3.316,507,46,19,9,3,2,0,1,0,0,0
STAT,302,2022,SPRING,ABURWEIS M,3.544,506,70,22,9,1,1,0,4,0,0,0
STAT,302,2022,SPRING,ABURWEIS M,3.777,505,76,15,3,0,0,0,1,0,0,0
STAT,302,2022,SPRING,ABURWEIS M,3.547,504,64,24,4,1,2,0,0,0,0,0
STAT,302,2022,SPRING,BOYLES W,3.400,503,33,21,4,1,1,0,0,0,0,0
STAT,302,2022,SPRING,SINHA S,2.947,502,15,28,11,2,1,0,2,0,0,0
STAT,302,2022,SPRING,LEE M,3.293,501,41,18,13,3,0,0,5,0,0,0
STAT,302,2021,FALL,ABURWEIS M,3.695,510,74,13,8,0,0,0,0,0,0,0
STAT,302,2021,FALL,PETERS A,3.729,509,78,13,3,1,1,0,0,0,0,0
STAT,302,2021,FALL,ABURWEIS M,3.741,508,83,22,3,0,0,0,1,0,0,0
STAT,302,2021,FALL,HA S,2.935,507,36,26,18,12,0,0,16,0,0,0
STAT,302,2021,FALL,HA S,2.394,506,7,7,13,4,2,0,3,0,0,0
STAT,302,2021,FALL,HA S,2.576,505,20,20,35,9,1,0,16,0,0,0
STAT,302,2021,FALL,ABURWEIS M,3.500,504,77,16,8,6,1,0,0,0,0,0
STAT,302,2021,FALL,BRUBAKER C,3.602,502,64,21,8,0,0,0,1,0,0,0
STAT,302,2021,FALL,YIN L,3.621,501,39,18,0,0,1,0,1,0,0,0
STAT,302,2021,SUMMER,DONG J (H),3.310,201,18,19,5,0,0,0,0,0,0,0
STAT,302,2021,SUMMER,GHOSH P,3.835,102,69,8,1,1,0,0,0,0,0,0
STAT,302,2021,SUMMER,CUMMINGS S,3.690,101,73,23,4,0,0,0,0,0,0,0
STAT,302,2021,SPRING,CUMMINGS S,3.645,509,74,33,3,0,0,0,0,0,0,0
STAT,302,2021,SPRING,LIANG H,3.034,508,23,16,17,2,0,0,7,0,0,0
STAT,302,2021,SPRING,LIANG H,3.357,507,7,5,2,0,0,0,1,0,0,0
STAT,302,2021,SPRING,CUMMINGS S,3.717,506,87,20,6,0,0,0,1,0,0,0
STAT,302,2021,SPRING,ROY A,3.326,505,38,43,7,1,0,0,0,0,0,9
STAT,302,2021,SPRING,PRAMANIK S,3.708,504,68,28,0,0,0,0,3,0,0,0
STAT,302,2021,SPRING,CHAKRABORTY A,3.163,503,22,12,5,2,2,0,2,0,0,0
STAT,302,2021,SPRING,SINHA S,3.189,502,39,41,12,0,3,0,5,0,0,0
STAT,302,2021,SPRING,LIANG H,3.050,501,31,25,21,3,0,0,14,0,0,0
STAT,302,2020,FALL,YI S,3.241,510,31,37,10,1,0,0,8,0,0,0
STAT,302,2020,FALL,YI S,3.117,509,30,29,16,1,1,0,7,0,0,0
STAT,302,2020,FALL,CUMMINGS S,3.395,508,68,27,15,4,0,0,0,0,0,0
STAT,302,2020,FALL,CUMMINGS S,3.389,507,64,32,14,3,0,1,1,0,0,0
STAT,302,2020,FALL,KARMAKAR M,3.449,506,52,53,1,0,1,0,1,0,0,0
STAT,302,2020,FALL,KARMAKAR M,3.427,505,50,49,3,0,1,0,5,0,0,0
STAT,302,2020,FALL,YI S,3.288,504,45,45,13,1,0,0,8,0,0,0
STAT,302,2020,FALL,KARMAKAR M,3.439,503,54,46,7,0,0,0,4,0,0,0
STAT,302,2020,FALL,CUMMINGS S,3.460,502,68,33,8,4,0,0,1,0,0,0
STAT,302,2020,FALL,CUMMINGS S,3.280,501,53,27,15,5,0,0,0,0,0,0
STAT,302,2020,SUMMER,LI G (H),2.873,202,16,22,13,2,2,0,0,0,0,0
STAT,302,2020,SUMMER,DAS R (H),3.207,201,12,12,4,1,0,0,0,0,0,0
STAT,302,2020,SUMMER,GHOSH I,3.047,102,23,22,18,1,0,0,4,0,0,0
STAT,302,2020,SUMMER,WANG H,3.783,101,80,6,5,0,1,0,0,0,0,0
STAT,302,2020,SPRING,WICKERSHAM J,2.964,511,25,35,20,4,0,0,0,0,0,0
STAT,302,2020,SPRING,KOLODZIEJ E,3.055,509,22,17,14,1,1,0,1,0,0,0
STAT,302,2020,SPRING,YI S,2.949,508,11,16,11,1,0,0,0,0,0,0
STAT,302,2020,SPRING,WICKERSHAM J,3.019,507,36,43,26,1,2,0,3,0,0,0
STAT,302,2020,SPRING,YI S,3.093,506,29,60,17,1,0,0,2,0,0,0
STAT,302,2020,SPRING,KARMAKAR M,3.516,505,54,33,6,0,0,0,0,0,0,0
STAT,302,2020,SPRING,GARCIA T,3.088,504,31,38,21,1,0,0,1,0,0,0
STAT,302,2020,SPRING,YI S,2.930,503,13,16,12,2,0,0,1,0,0,0
STAT,302,2020,SPRING,KOLODZIEJ E,3.157,502,28,48,12,1,0,0,0,0,0,1
STAT,302,2020,SPRING,WICKERSHAM J,3.043,501,37,54,19,5,1,0,0,0,0,0
STAT,302,2019,FALL,HERNANDEZ,2.968,511,18,27,15,1,1,0,7,0,0,0
STAT,302,2019,FALL,YOON G,3.026,509,26,32,14,2,2,0,21,0,0,0
STAT,302,2019,FALL,LIANG H,2.944,508,39,36,21,9,2,0,16,0,0,0
STAT,302,2019,FALL,LIANG H,3.080,507,31,35,20,2,0,0,7,0,0,0
STAT,302,2019,FALL,KARMAKAR M,3.700,506,65,23,2,0,0,2,4,0,0,1
STAT,302,2019,FALL,HERNANDEZ,3.146,505,16,24,7,1,0,0,5,0,0,1
STAT,302,2019,FALL,HERNANDEZ,2.791,504,21,39,19,1,6,0,9,0,0,1
STAT,302,2019,FALL,KARMAKAR M,3.451,503,81,48,14,1,0,0,4,0,0,0
STAT,302,2019,FALL,LEE U,2.814,502,21,34,26,4,1,0,9,0,0,0
STAT,302,2019,FALL,LIANG H,2.932,501,18,23,14,4,0,0,1,0,0,0
STAT,302,2019,SUMMER,YANG J (H),3.071,202,9,12,7,0,0,0,2,0,0,0
STAT,302,2019,SUMMER,DAI G (H),3.355,201,12,18,1,0,0,0,0,0,0,0
STAT,302,2019,SUMMER,CHUU E,2.944,103,6,9,1,0,2,0,1,0,0,0
STAT,302,2019,SUMMER,YANG J,2.973,102,12,14,9,2,0,0,0,0,0,0
STAT,302,2019,SUMMER,NIU Y,3.108,101,13,16,7,1,0,0,1,0,0,0
STAT,302,2019,SPRING,SINHA S,3.132,511,13,19,4,2,0,0,3,0,0,0
STAT,302,2019,SPRING,KOLODZIEJ E,3.000,510,28,28,21,2,1,0,13,0,0,0
STAT,302,2019,SPRING,GARCIA T,3.056,509,37,35,9,4,5,0,3,0,0,0
STAT,302,2019,SPRING,LIANG H,3.045,508,28,15,21,2,0,0,5,0,0,0
STAT,302,2019,SPRING,RAHMAN S,2.535,507,15,21,25,7,3,0,2,0,0,0
STAT,302,2019,SPRING,METHENEY E,3.226,506,56,44,20,4,0,0,0,0,0,0
STAT,302,2019,SPRING,LIANG H,3.000,505,34,35,19,6,1,0,4,0,0,0
STAT,302,2019,SPRING,KOLODZIEJ E,2.960,504,29,43,27,0,2,0,15,0,0,0
STAT,302,2019,SPRING,KOLODZIEJ E,2.989,503,28,37,21,1,2,0,8,0,0,0
STAT,302,2019,SPRING,SINHA S,3.087,502,29,32,16,3,0,0,11,0,0,0
STAT,302,2019,SPRING,LIANG H,3.059,501,41,30,26,3,1,0,19,0,0,0
STAT,302,2018,FALL,KOLODZIEJ E,2.918,511,36,58,34,5,1,0,12,0,0,0
STAT,302,2018,FALL,METHENEY E,2.988,510,26,38,15,3,2,0,1,0,0,0
STAT,302,2018,FALL,KARMAKAR M,3.438,509,61,12,12,2,2,0,0,0,0,0
STAT,302,2018,FALL,LIANG H,2.772,508,18,32,23,5,1,0,12,0,0,0
STAT,302,2018,FALL,LIANG H,3.157,507,43,35,21,3,0,0,10,0,0,0
STAT,302,2018,FALL,KARMAKAR M,3.653,506,90,21,4,0,3,0,0,0,0,0
STAT,302,2018,FALL,KARMAKAR M,3.580,505,78,23,9,2,0,0,0,0,0,0
STAT,302,2018,FALL,KOLODZIEJ E,3.172,504,38,36,17,1,1,1,2,0,0,0
STAT,302,2018,FALL,LIANG H,3.100,503,18,19,13,0,0,0,10,0,0,0
STAT,302,2018,FALL,KOLODZIEJ E,3.029,502,35,38,27,1,1,0,14,0,0,0
STAT,302,2018,FALL,KOLODZIEJ E,2.979,501,23,50,17,4,0,0,3,0,0,0
STAT,302,2018,SUMMER,METHENEY E (H),3.064,202,17,18,10,2,0,0,0,0,0,0
STAT,302,2018,SUMMER,SINHA S (H),2.750,201,8,7,6,1,2,0,4,0,0,0
STAT,302,2018,SUMMER,METHENEY E,2.904,102,26,32,20,1,4,0,2,0,0,0
STAT,302,2018,SUMMER,SINHA S,3.026,101,15,14,8,0,2,0,1,0,0,0
STAT,302,2018,SPRING,HERNANDEZ,2.690,511,4,13,11,1,0,0,1,0,0,0
STAT,302,2018,SPRING,ZHOU L,3.011,510,26,38,23,1,0,2,6,0,0,0
STAT,302,2018,SPRING,DAI G,2.988,509,27,33,22,3,0,0,9,0,0,0
STAT,302,2018,SPRING,LIANG H,3.000,508,39,38,30,3,1,0,8,0,0,0
STAT,302,2018,SPRING,HERNANDEZ,2.957,507,14,19,13,0,1,0,0,0,0,0
STAT,302,2018,SPRING,SINHA S,3.079,506,33,45,21,2,0,0,5,0,0,0
STAT,302,2018,SPRING,LIANG H,3.028,505,40,35,28,0,3,0,13,0,0,0
STAT,302,2018,SPRING,ZHOU L,3.000,504,33,41,29,2,0,2,2,0,0,0
STAT,302,2018,SPRING,KOLODZIEJ E,3.011,503,28,41,21,3,0,0,4,0,0,0
STAT,302,2018,SPRING,LIANG H,3.226,502,24,18,10,1,0,0,7,0,0,0
STAT,302,2018,SPRING,HERNANDEZ,3.068,501,38,39,23,1,2,0,8,0,0,0
STAT,302,2017,FALL,KOLODZIEJ E,2.782,511,21,34,27,2,3,0,9,0,0,0
STAT,302,2017,FALL,HERNANDEZ,2.977,510,22,43,20,2,0,0,8,0,0,0
STAT,302,2017,FALL,KOLODZIEJ E,3.126,509,38,31,26,0,0,0,1,0,0,0
STAT,302,2017,FALL,LIANG H,3.113,508,39,43,21,3,0,0,9,0,0,0
STAT,302,2017,FALL,HERNANDEZ,2.711,507,22,31,28,7,2,0,10,0,0,0
STAT,302,2017,FALL,KOLODZIEJ E,2.893,506,29,47,33,1,2,0,8,0,0,0
STAT,302,2017,FALL,SINHA S,2.991,505,38,44,23,5,2,0,6,0,0,0
STAT,302,2017,FALL,LIANG H,2.897,504,23,38,21,4,1,0,10,0,0,0
STAT,302,2017,FALL,SUNDARARAJAN R,3.093,503,19,22,12,1,0,0,6,0,0,0
STAT,302,2017,FALL,HERNANDEZ,2.907,502,35,38,27,6,2,1,4,0,0,0
STAT,302,2017,FALL,LIANG H,3.034,501,30,33,23,2,0,0,7,0,0,0
STAT,302,2017,SUMMER,SINHA S (H),3.000,202,11,9,8,0,1,0,3,0,0,0
STAT,302,2017,SUMMER,CUMMINGS S (H),2.966,201,20,21,15,2,1,1,0,0,0,0
STAT,302,2017,SUMMER,SINHA S,3.016,102,20,28,10,3,1,0,3,0,0,0
STAT,302,2017,SUMMER,CUMMINGS S,3.017,101,20,21,17,1,0,0,0,0,0,0
STAT,302,2017,SPRING,LIANG H,3.103,511,42,21,18,3,3,0,7,0,0,0
STAT,302,2017,SPRING,SHEATHER S,2.903,510,28,36,24,2,3,0,4,0,0,0
STAT,302,2017,SPRING,SHEATHER S,2.968,509,28,44,16,6,1,0,2,0,0,0
STAT,302,2017,SPRING,HERNANDEZ,3.056,508,20,17,17,0,0,1,4,0,0,0
STAT,302,2017,SPRING,HERNANDEZ,2.851,507,26,30,26,2,3,0,9,0,0,0
STAT,302,2017,SPRING,NEWTON H,3.126,506,42,52,23,2,0,0,1,0,0,0
STAT,302,2017,SPRING,HERNANDEZ,3.054,505,34,31,26,0,1,1,7,0,0,0
STAT,302,2017,SPRING,KOLODZIEJ E,2.931,504,31,48,35,2,0,0,4,0,0,0
STAT,302,2017,SPRING,KOLODZIEJ E,2.789,503,21,40,29,3,2,1,1,0,0,0
STAT,302,2017,SPRING,LIANG H,2.877,502,16,25,10,5,1,0,2,0,0,0
STAT,302,2017,SPRING,LIANG H,3.099,501,43,42,20,6,0,0,8,0,0,0
STAT,302,2016,FALL,SINHA S,3.066,511,28,29,17,0,2,0,11,0,0,0
STAT,302,2016,FALL,KOLODZIEJ E,3.064,510,32,38,23,0,1,0,3,0,0,0
STAT,302,2016,FALL,SINHA S,3.096,509,27,41,13,0,2,0,8,0,0,0
STAT,302,2016,FALL,WEHRLY T,2.969,508,35,33,21,7,1,0,6,0,0,0
STAT,302,2016,FALL,KOLODZIEJ E,3.053,507,35,51,25,2,0,0,7,0,0,0
STAT,302,2016,FALL,NEWTON H,2.964,506,40,38,27,4,3,0,2,0,0,0
STAT,302,2016,FALL,HERNANDEZ,2.819,505,24,29,23,5,2,0,8,0,0,3
STAT,302,2016,FALL,LIANG H,3.233,504,45,22,14,4,1,0,8,0,0,0
STAT,302,2016,FALL,LIANG H,2.872,503,29,22,18,6,3,0,11,0,0,0
STAT,302,2016,FALL,KOLODZIEJ E,2.974,502,37,45,28,3,2,0,5,0,0,0
STAT,302,2016,FALL,LIANG H,2.946,501,25,41,22,4,0,0,5,0,0,0
STAT,302,2016,SUMMER,PAYNE R (H),2.934,202,23,30,19,3,1,0,1,0,0,0
STAT,302,2016,SUMMER,CHAKRABORTY A (H),2.826,201,7,6,9,1,0,0,0,0,0,0
STAT,302,2016,SUMMER,PAYNE R,2.947,102,32,32,25,3,2,0,2,0,0,0
STAT,302,2016,SUMMER,LEE H,2.780,101,9,16,15,0,1,0,1,0,0,0
STAT,302,2016,SPRING,SHIN Y,2.733,511,7,13,6,3,1,0,3,0,0,0
STAT,302,2016,SPRING,SINHA S,3.000,510,20,27,17,0,1,0,11,0,0,0
STAT,302,2016,SPRING,SHEATHER S,3.083,509,32,42,20,2,0,0,2,0,0,0
STAT,302,2016,SPRING,ZHOU L,2.574,508,14,22,23,7,2,0,9,0,0,0
STAT,302,2016,SPRING,ZHOU L,2.800,507,21,20,24,4,1,0,7,0,0,0
STAT,302,2016,SPRING,LIANG H,3.000,506,29,37,12,7,1,0,10,0,0,0
STAT,302,2016,SPRING,DAS K,2.545,505,11,15,23,5,1,0,6,0,0,0
STAT,302,2016,SPRING,DAS K,2.377,504,5,24,24,5,3,0,7,0,0,0
STAT,302,2016,SPRING,SINHA S,2.621,503,18,38,39,6,2,0,14,0,0,0
STAT,302,2016,SPRING,LIANG H,2.923,502,35,38,21,8,2,0,13,0,0,0
STAT,302,2016,SPRING,LIANG H,2.697,501,21,29,13,8,5,0,15,0,0,0
STAT,302,2015,FALL,SUN Z,2.896,509,24,28,19,5,1,0,9,0,0,0
STAT,302,2015,FALL,SINHA S,3.039,508,30,28,12,6,1,0,1,0,0,0
STAT,302,2015,FALL,SINHA S,2.558,507,27,21,42,11,3,0,14,0,0,0
STAT,302,2015,FALL,SINHA S,2.694,506,23,45,31,10,2,0,8,0,0,0
STAT,302,2015,FALL,KOLODZIEJ E,2.907,505,57,63,57,1,5,0,10,0,0,0
STAT,302,2015,FALL,KOLODZIEJ E,3.100,504,28,23,18,0,1,0,5,0,0,0
STAT,302,2015,FALL,LIANG H,2.678,503,29,47,24,11,7,0,15,0,0,0
STAT,302,2015,FALL,LIANG H,2.971,502,23,25,20,1,1,0,5,0,0,0
STAT,302,2015,FALL,LIANG H,2.781,501,22,23,19,8,1,0,4,0,0,0
STAT,302,2015,SUMMER,SEEM E (H),2.459,202,13,23,24,13,1,0,2,0,0,0
STAT,302,2015,SUMMER,SINHA S (H),3.089,201,15,20,9,1,0,0,1,0,0,0
STAT,302,2015,SUMMER,SEEM E,2.784,102,27,22,12,8,5,0,0,0,0,0
STAT,302,2015,SUMMER,SUYA,2.870,101,13,19,11,1,2,0,1,0,0,0
STAT,302,2015,SPRING,WEHRLY T,2.956,508,29,34,23,2,2,0,12,0,0,0
STAT,302,2015,SPRING,SINHA S,3.012,507,35,23,20,1,4,0,7,0,0,0
STAT,302,2015,SPRING,SHERMAN M,2.974,506,27,66,20,2,2,0,3,0,0,0
STAT,302,2015,SPRING,SHEATHER S,2.921,505,25,55,12,6,3,0,2,0,0,0
STAT,302,2015,SPRING,SHEATHER S,2.930,504,28,47,18,4,3,0,4,0,0,0
STAT,302,2015,SPRING,BHATTACHARYA A,3.020,503,39,35,17,7,2,0,3,0,0,0
STAT,302,2015,SPRING,LIANG H,2.927,502,41,34,22,9,3,2,7,0,0,0
STAT,302,2015,SPRING,LIANG H,2.867,501,32,48,22,8,3,0,8,0,0,0
STAT,303,2015 SPRING,2.694,2.689,,,,,,,,,,,,,,,,,,,,,,,,,,,,,,,,,,,,,,,,,,,
STAT,303,2015 SUMMER,,,2.794,2.778,2.75,3.053,,,,,,,,,,,,,,,,,,,,,,,,,,,,,,,,,,,,,,,
STAT,303,2015 FALL,,2.738,,,,,3.356,3.014,,,,,,,,,,,,,,,,,,,,,,,,,,,,,,,,,,,,,
STAT,303,2016 SPRING,,2.692,,,,,,3.067,2.625,,,,,,,,,,,,,,,,,,,,,,,,,,,,,,,,,,,,
STAT,303,2016 SUMMER,,,,,2.769,,,,,3.029,,,,,,,,,,,,,,,,,,,,,,,,,,,,,,,,,,,
STAT,303,2016 FALL,,2.724,,,,,,,,,2.943,,,,,,,,,,,,,,,,,,,,,,,,,,,,,,,,,,
STAT,303,2017 SPRING,,2.798,,,,,,,,,3.011,2.98,,,,,,,,,,,,,,,,,,,,,,,,,,,,,,,,,
STAT,303,2017 SUMMER,,,,,,3.235,,,,,,3.043,2.93,,,,,,,,,,,,,,,,,,,,,,,,,,,,,,,,
STAT,303,2017 FALL,2.935,2.701,,,,,,,,,,,,3.421,,,,,,,,,,,,,,,,,,,,,,,,,,,,,,,
STAT,303,2018 SPRING,3.118,,,,,,,,,,,,3,,2.939,,,,,,,,,,,,,,,,,,,,,,,,,,,,,,
STAT,303,2018 SUMMER,,,,,,,,,,,,,,,2.917,2.964,3.111,2.946,,,,,,,,,,,,,,,,,,,,,,,,,,,
STAT,303,2018 FALL,,,,,,,3.176,,,,,,,,2.949,,,,3.023,,,,,,,,,,,,,,,,,,,,,,,,,,
STAT,303,2019 SPRING,,,,,,,,,,,,,,3.362,2.973,,,,,2.957,3.037,,,,,,,,,,,,,,,,,,,,,,,,
STAT,303,2019 SUMMER,,,,,,,,,,,,,,,2.973,,,,,,,2.933,3,3.286,,,,,,,,,,,,,,,,,,,,,
STAT,303,2019 FALL,,,,,,,,,,,,,,,3.013,,,,,,,,,,2.949,,,,,,,,,,,,,,,,,,,,
STAT,303,2020 SPRING,,,,,,,,,,,,,,,3.294,,,,,2.965,,,,,3.023,,,,,,,,,,,,,,,,,,,,
STAT,303,2020 SUMMER,,,,,,,,,,,,,,,3.27,,,,,,,,,,,3.597,,,,,,,,,,,,,,,,,,,
STAT,303,2020 FALL,,,,,,,,,,,,,,,,,,,,,,3.068,,,3.118,,3.233,2.892,3.049,,,,,,,,,,,,,,,,
STAT,303,2021 SPRING,,,,,,,,,,,,,,,,,,,,,,,,,2.96,,3.207,,2.889,2.8,3.068,,,,,,,,,,,,,,
STAT,303,2021 SUMMER,,,,,,,,,,,,,,,,,,,,,,,,,,,,,2.968,,,3.121,,,,,,,,,,,,,
STAT,303,2021 FALL,,,,,,,,,,,,,,,,,,,,,,,,,,,,,2.929,,2.817,,2.892,,,,,,,,,,,,
STAT,303,2022 SPRING,,,,,,,,,,,,,,,,,,,,2.937,,,,,,,,,,,2.947,,2.917,,,,,,,,,,,,
STAT,303,2022 SUMMER,,,,,,,,,,,,,,,,,,,,,,,,,,,,,,,,,,3.3,3.578,,,,,,,,,,
STAT,303,2022 FALL,,,,,,,,,,,,,,,,,,,,,,,,,,,,,,,,,2.697,,,3,3.328,,,,,,,,
STAT,303,2023 SPRING,,,,,,,,,,,,,,,,,,,,,,,,,,,,,3.138,,,,2.852,,,,,2.746,,,,,,,
STAT,303,2023 SUMMER,,,,,,,,,,,,,,,,,,,,,,,,,,,,,,,,,,,,,,2.638,3.077,,,,,,
STAT,303,2023 FALL,,,,,,,,,,,,,,,,,,,,,,,,,,,,,,,,,2.878,,,,,,,3.182,,,,,
STAT,303,2024 SPRING,,,,,,,,,,,,,,,,,,,,3.051,,,,,,,,,,,,,2.906,,,,,,,,3.118,,,,
STAT,303,2024 SUMMER,,,,,,,,,,,,,,,,,,,,,,,,,,,,,,,,,,,,,,,3.3,,,3.289,,,
STAT,303,2024 FALL,,,,,,,,,,,,,,,,,,,,,,,,,,,,,,,,,,,,,,,,,3.379,,3.491,,
STAT,303,2025 SPRING,,,,,,,,,,,,,,,,,,,,2.966,,,,,,,,,,,,,,,,,,,,,3.422,,,,
STAT,303,2025 SUMMER,,,,,,,,,,,,,,,,,,,,,,,,,,,,,,,,,,,,,,,,,,,,3.389,3.059
STAT,303,Year,Semester,Prof,GPA,Section,A,B,C,D,F,I,Q,S,U,X
STAT,303,2025,SUMMER,YI S (H),3.059,299,5,8,4,0,0,0,0,0,0,0
STAT,303,2025,SUMMER,JUNG Y,3.389,199,18,14,4,0,0,0,0,0,0,0
STAT,303,2025,SPRING,ROITERCHTEIN A,3.439,505,35,13,8,1,0,1,1,0,0,0
STAT,303,2025,SPRING,ROITERCHTEIN A,3.462,504,52,30,8,1,0,2,1,0,0,0
STAT,303,2025,SPRING,WANG S,2.966,503,16,26,16,1,0,0,1,0,0,0
STAT,303,2025,SPRING,ROITERCHTEIN A,3.242,502,41,31,19,0,0,1,2,0,0,0
STAT,303,2025,SPRING,ROITERCHTEIN A,3.547,501,58,31,6,0,0,0,0,0,0,0
STAT,303,2024,FALL,DATTA S,3.491,505,34,18,1,0,2,0,4,0,0,0
STAT,303,2024,FALL,ROITERCHTEIN A,3.441,503,47,40,6,0,0,0,1,0,0,0
STAT,303,2024,FALL,ROITERCHTEIN A,3.389,502,49,34,12,0,0,0,0,0,0,0
STAT,303,2024,FALL,ROITERCHTEIN A,3.288,501,35,26,10,2,0,0,1,0,0,1
STAT,303,2024,SUMMER,GHOSH P (H),3.300,299,33,18,4,4,1,0,0,0,0,0
STAT,303,2024,SUMMER,GHOSH P,3.289,199,21,10,4,3,0,0,0,0,0,0
STAT,303,2024,SPRING,LIANG H,3.179,505,25,16,15,0,0,0,3,0,0,0
STAT,303,2024,SPRING,LIANG H,2.762,504,13,25,23,1,1,0,9,0,0,0
STAT,303,2024,SPRING,WANG S,3.051,503,17,29,12,1,0,0,1,0,0,0
STAT,303,2024,SPRING,LIANG H,2.831,502,28,23,24,6,2,0,9,0,0,0
STAT,303,2024,SPRING,ROITERCHTEIN A,3.118,501,30,45,17,1,0,0,2,0,0,0
STAT,303,2023,FALL,CHAPAGAIN N,3.182,505,26,18,6,5,0,0,5,0,0,0
STAT,303,2023,FALL,LIANG H,3.000,503,28,30,24,2,0,0,11,0,0,0
STAT,303,2023,FALL,LIANG H,2.860,502,24,33,23,5,1,0,8,0,0,0
STAT,303,2023,FALL,LIANG H,2.746,501,16,22,26,2,1,0,11,0,0,0
STAT,303,2023,SUMMER,GHOSH P (H),3.077,299,20,22,5,4,1,1,0,0,0,0
STAT,303,2023,SUMMER,YI S,2.638,199,9,16,18,4,0,0,3,0,0,0
STAT,303,2023,SPRING,LIANG H,2.914,505,16,21,21,0,0,0,2,0,0,0
STAT,303,2023,SPRING,LIANG H,2.807,504,21,31,25,6,0,0,11,0,0,0
STAT,303,2023,SPRING,YI S,2.746,503,16,20,15,8,0,0,1,0,0,0
STAT,303,2023,SPRING,LIANG H,2.852,502,26,29,28,4,1,0,4,0,0,0
STAT,303,2023,SPRING,BOYLES W,3.138,501,27,18,9,2,2,0,1,0,0,0
STAT,303,2022,FALL,DENNIS K,3.328,506,29,19,10,0,0,0,0,0,0,0
STAT,303,2022,FALL,SCHAFER T,3.000,505,16,28,10,0,2,0,3,0,0,0
STAT,303,2022,FALL,LIANG H,2.638,503,14,20,14,9,1,1,11,0,0,0
STAT,303,2022,FALL,LIANG H,2.688,502,22,17,32,4,2,0,18,0,0,0
STAT,303,2022,FALL,LIANG H,2.941,501,6,6,3,2,0,0,3,0,0,0
STAT,303,2022,SUMMER,COULTER A (H),3.578,201,59,15,7,2,0,0,3,0,0,0
STAT,303,2022,SUMMER,COULTER A,3.300,101,6,2,1,1,0,0,0,0,0,0
STAT,303,2022,SPRING,LIANG H,2.880,505,15,18,14,2,1,0,5,0,0,0
STAT,303,2022,SPRING,LIANG H,2.947,504,13,12,11,2,0,0,3,0,0,0
STAT,303,2022,SPRING,SUBBARAO S,2.947,503,31,29,33,0,1,0,1,0,0,0
STAT,303,2022,SPRING,LIANG H,2.930,502,15,25,16,0,1,0,6,0,0,0
STAT,303,2022,SPRING,WANG S,2.937,501,30,36,24,3,2,0,0,0,0,0
STAT,303,2021,FALL,BOYLES W,2.929,506,26,34,21,1,3,1,9,0,0,0
STAT,303,2021,FALL,SUBBARAO S,2.817,505,20,11,27,2,0,0,0,0,0,0
STAT,303,2021,FALL,LIANG H,2.780,503,13,17,17,2,1,0,3,0,0,0
STAT,303,2021,FALL,LIANG H,2.975,502,22,33,24,0,0,0,13,0,0,0
STAT,303,2021,FALL,LIANG H,2.881,501,20,39,21,3,1,0,9,0,0,0
STAT,303,2021,SUMMER,LEE C (H),3.121,201,31,12,9,3,3,1,3,0,0,0
STAT,303,2021,SUMMER,BOYLES W,2.968,101,10,13,6,1,1,0,2,0,0,0
STAT,303,2021,SPRING,SUBBARAO S,3.068,505,17,13,14,0,0,0,5,0,0,0
STAT,303,2021,SPRING,DALLAKYAN A,2.800,504,3,6,6,0,0,0,3,0,0,0
STAT,303,2021,SPRING,KANG M,3.207,503,35,39,9,4,0,0,11,0,0,0
STAT,303,2021,SPRING,KOSTRZEWA C,2.960,502,30,41,24,5,0,0,1,0,0,0
STAT,303,2021,SPRING,BOYLES W,2.889,501,20,29,19,3,1,0,11,0,0,0
STAT,303,2020,FALL,BOYLES W,3.049,505,32,49,18,3,1,1,4,0,0,0
STAT,303,2020,FALL,PANTOJA K,2.892,504,23,39,30,0,1,0,1,0,0,0
STAT,303,2020,FALL,KOSTRZEWA C,3.118,503,35,46,19,2,0,0,2,0,0,0
STAT,303,2020,FALL,KANG M,3.233,502,13,13,3,0,1,0,8,0,0,0
STAT,303,2020,FALL,PLUMMER S,3.068,501,31,32,25,0,0,0,2,0,0,0
STAT,303,2020,SUMMER,DASGUPTA S (H),3.597,201,43,15,3,0,1,0,0,0,0,0
STAT,303,2020,SUMMER,CUMMINGS S,3.270,101,62,57,21,0,1,1,0,0,0,0
STAT,303,2020,SPRING,KOSTRZEWA C,3.023,505,14,18,11,1,0,0,0,0,0,0
STAT,303,2020,SPRING,CUMMINGS S,3.287,504,54,18,18,3,1,0,0,0,0,0
STAT,303,2020,SPRING,CUMMINGS S,3.340,503,51,27,13,3,0,0,1,0,0,0
STAT,303,2020,SPRING,CUMMINGS S,3.261,502,56,37,18,4,0,0,0,0,0,0
STAT,303,2020,SPRING,WANG S,2.965,501,41,61,38,4,0,0,0,0,0,0
STAT,303,2019,FALL,CUMMINGS S,3.000,504,89,86,54,10,5,1,3,1,0,0
STAT,303,2019,FALL,CUMMINGS S,3.083,503,27,14,17,1,1,0,0,0,0,0
STAT,303,2019,FALL,KOSTRZEWA C,2.949,502,18,26,11,2,2,0,1,0,0,0
STAT,303,2019,FALL,CUMMINGS S,3.000,501,33,34,22,4,1,0,2,0,0,0
STAT,303,2019,SUMMER,PLUMMER S (H),3.286,202,7,5,1,1,0,0,1,0,0,0
STAT,303,2019,SUMMER,DALLAKYAN A (H),3.000,201,4,5,2,1,0,0,0,0,0,0
STAT,303,2019,SUMMER,PLUMMER S,2.933,102,2,10,3,0,0,0,0,0,0,0
STAT,303,2019,SUMMER,CUMMINGS S,2.973,101,25,28,18,0,3,2,0,0,1,0
STAT,303,2019,SPRING,CHEN Z,3.037,505,8,13,5,1,0,0,0,0,0,0
STAT,303,2019,SPRING,CUMMINGS S,2.924,504,28,36,23,3,2,0,5,0,0,0
STAT,303,2019,SPRING,CUMMINGS S,3.021,503,33,37,21,2,2,0,2,0,0,0
STAT,303,2019,SPRING,WANG S,2.957,502,30,36,21,5,1,0,4,0,0,0
STAT,303,2019,SPRING,KARMAKAR M,3.362,501,51,26,17,0,0,1,1,0,0,0
STAT,303,2018,FALL,CUMMINGS S,2.956,504,55,75,46,4,3,0,15,0,0,0
STAT,303,2018,FALL,MANUEL C,3.176,503,32,29,7,6,0,0,10,0,0,0
STAT,303,2018,FALL,CUMMINGS S,2.934,502,27,37,22,4,1,0,6,0,0,0
STAT,303,2018,FALL,MAITY A,3.023,501,29,38,16,1,3,0,6,0,0,0
STAT,303,2018,SUMMER,CUMMINGS S (H),2.946,202,12,15,8,0,2,0,1,0,0,0
STAT,303,2018,SUMMER,MAITY A (H),3.111,201,9,5,2,1,1,1,2,0,0,0
STAT,303,2018,SUMMER,CUMMINGS S,2.917,102,19,23,15,0,3,0,0,0,0,0
STAT,303,2018,SUMMER,GONG W,2.964,101,8,11,9,0,0,0,1,0,0,0
STAT,303,2018,SPRING,CUMMINGS S,2.939,504,29,40,25,2,2,0,6,0,0,0
STAT,303,2018,SPRING,CHEN W,3.110,503,37,32,18,3,1,0,3,0,0,0
STAT,303,2018,SPRING,CHEN W,3.128,502,33,27,14,3,1,0,4,0,0,0
STAT,303,2018,SPRING,CHAKRABORTY S,3.000,501,27,35,23,2,0,0,9,0,0,0
STAT,303,2017,FALL,HAGEN J,2.708,504,25,78,63,3,2,0,8,0,0,0
STAT,303,2017,FALL,HAGEN J,2.688,503,18,22,38,1,1,0,2,0,0,0
STAT,303,2017,FALL,KARMAKAR M,3.421,502,30,21,6,0,0,0,1,0,0,0
STAT,303,2017,FALL,CHEN W,2.935,501,32,37,14,3,6,0,4,1,0,0
STAT,303,2017,SUMMER,MANUEL C (H),3.235,202,31,24,11,2,0,0,1,0,0,0
STAT,303,2017,SUMMER,CAI Q,3.043,102,8,9,5,1,0,0,2,0,0,0
STAT,303,2017,SUMMER,CHAKRABORTY S,2.930,101,12,19,10,1,1,0,2,0,0,0
STAT,303,2017,SPRING,HAGEN J,2.790,504,13,26,20,3,0,0,2,0,0,0
STAT,303,2017,SPRING,CAI Q,2.980,503,15,21,12,2,0,1,3,0,0,0
STAT,303,2017,SPRING,HAGEN J,2.807,502,14,24,14,4,1,0,1,0,0,0
STAT,303,2017,SPRING,MANDAL S,3.011,501,29,36,20,4,0,0,7,0,0,0
STAT,303,2016,FALL,HAGEN J,2.698,504,29,52,50,3,5,0,15,0,0,0
STAT,303,2016,FALL,HAGEN J,2.774,503,11,24,15,1,2,0,3,0,0,0
STAT,303,2016,FALL,HAGEN J,2.741,502,11,22,24,1,0,0,0,0,0,0
STAT,303,2016,FALL,MANDAL S,2.943,501,27,35,21,1,3,0,9,0,0,0
STAT,303,2016,SUMMER,PHILBIN R (H),2.769,201,23,53,41,2,2,0,1,0,0,0
STAT,303,2016,SUMMER,WANG T,3.029,101,20,30,18,0,0,0,2,0,0,0
STAT,303,2016,SPRING,HAGEN J,2.639,504,14,30,35,3,1,0,7,0,0,0
STAT,303,2016,SPRING,SUNDARARAJAN R,3.067,503,22,25,10,1,2,0,0,0,0,0
STAT,303,2016,SPRING,HAGEN J,2.753,502,11,35,25,2,0,0,2,0,0,0
STAT,303,2016,SPRING,HART J,2.625,501,8,44,31,5,0,0,0,0,0,0
STAT,303,2015,FALL,HAGEN J,2.875,506,7,8,8,1,0,0,0,0,0,0
STAT,303,2015,FALL,HAGEN J,2.529,505,9,21,14,2,5,0,4,0,0,0
STAT,303,2015,FALL,HAGEN J,2.671,504,14,28,27,1,3,0,8,0,0,0
STAT,303,2015,FALL,SUNDARARAJAN R,3.014,503,21,32,18,1,0,0,5,0,0,0
STAT,303,2015,FALL,HAGEN J,2.904,502,22,25,23,3,0,0,3,0,0,0
STAT,303,2015,FALL,MANUEL C,3.356,501,34,31,8,0,0,0,1,0,0,0
STAT,303,2015,SUMMER,MANUEL C (H),3.053,202,14,15,7,1,1,0,1,0,0,0
STAT,303,2015,SUMMER,PHILBIN R (H),2.750,201,13,19,8,7,1,0,1,0,0,0
STAT,303,2015,SUMMER,NIKOOIENEJAD A,2.778,102,4,7,6,1,0,0,0,0,0,0
STAT,303,2015,SUMMER,LEE H,2.794,101,12,32,22,2,0,0,0,0,0,0
STAT,303,2015,SPRING,CHEN W,2.702,504,25,30,28,8,3,0,9,0,0,0
STAT,303,2015,SPRING,HAGEN J,2.680,503,22,47,50,6,0,0,11,0,0,1
STAT,303,2015,SPRING,HAGEN J,2.702,502,13,41,39,1,0,0,6,0,0,1
STAT,303,2015,SPRING,CHEN W,2.679,501,11,21,15,5,1,0,4,0,0,0
STAT,307,2015 SPRING,3.143
STAT,307,2016 SPRING,3.5
STAT,307,2017 SPRING,3.333
STAT,307,2018 SPRING,3.417
STAT,307,Year,Semester,Prof,GPA,Section,A,B,C,D,F,I,Q,S,U,X
STAT,307,2018,SPRING,WANG S,3.417,500,6,5,1,0,0,0,0,0,0,0
STAT,307,2017,SPRING,WANG S,3.333,500,4,4,1,0,0,0,0,0,0,0
STAT,307,2016,SPRING,WANG S,3.500,500,3,3,0,0,0,0,1,0,0,0
STAT,307,2015,SPRING,WANG S,3.143,500,4,8,2,0,0,0,0,0,0,0
STAT,312,2019 FALL,3.5,,,,,,,,,,,,
STAT,312,2020 SPRING,,3.65,,,,,,,,,,,
STAT,312,2020 FALL,,,3.515,,,,,,,,,,
STAT,312,2021 SPRING,,3.625,3.595,,,,,,,,,,
STAT,312,2021 SUMMER,,,,2.917,3.72,,,,,,,,
STAT,312,2021 FALL,,,,,,3.351,3.961,,,,,,
STAT,312,2022 SPRING,,3.518,,,,,,3.623,3.22,,,,
STAT,312,2022 SUMMER,,,,,,,,,,3.571,,,
STAT,312,2022 FALL,,,,,,,,3.657,,,3.47,,
STAT,312,2023 SPRING,,3.526,,,,,,3.576,,,,3.708,
STAT,312,2023 SUMMER,,,,,,,,,,3.061,,,
STAT,312,2023 FALL,,,,,,,,3.661,,,2.981,,
STAT,312,2024 SPRING,,3.442,,,,,,3.786,,,2.96,,
STAT,312,2024 SUMMER,,,,,,,,,,,3,,
STAT,312,2024 FALL,,,,,,,,,,,3.054,,3.798
STAT,312,2025 SPRING,,3.763,,,,,,,,,2.766,,
STAT,312,2025 SUMMER,,,,,,,,,,,3.375,,
STAT,312,Year,Semester,Prof,GPA,Section,A,B,C,D,F,I,Q,S,U,X
STAT,312,2025,SUMMER,DAO T,3.375,199,23,11,5,0,1,0,1,0,0,0
STAT,312,2025,SPRING,DAO T,2.720,502,22,48,23,13,1,0,4,0,0,0
STAT,312,2025,SPRING,DAO T,2.813,501,30,37,32,6,2,0,4,0,0,0
STAT,312,2025,SPRING,ZHOU Q,3.763,500,76,12,5,0,0,0,1,0,0,0
STAT,312,2024,FALL,DAO T,2.968,502,31,36,19,6,1,0,6,0,0,0
STAT,312,2024,FALL,DAO T,3.128,501,42,44,18,5,0,0,6,0,0,0
STAT,312,2024,FALL,LEE R,3.798,500,93,12,3,0,1,0,0,0,0,0
STAT,312,2024,SUMMER,DAO T,3.000,199,7,15,5,1,0,0,1,0,0,0
STAT,312,2024,SPRING,KARMAKAR M,3.786,502,73,6,3,2,0,0,1,0,0,0
STAT,312,2024,SPRING,DAO T,2.960,501,31,49,9,7,4,0,5,0,0,0
STAT,312,2024,SPRING,ZHOU Q,3.442,500,52,33,10,0,0,0,0,0,0,0
STAT,312,2023,FALL,DAO T,3.089,502,30,42,15,2,1,0,2,0,0,0
STAT,312,2023,FALL,DAO T,2.897,501,33,50,25,7,2,0,2,0,0,0
STAT,312,2023,FALL,KARMAKAR M,3.661,500,77,28,3,1,0,0,1,0,0,0
STAT,312,2023,SUMMER,DAO T (H),3.061,299,13,13,4,2,1,0,0,0,0,0
STAT,312,2023,SPRING,ROITERCHTEIN A,3.708,502,67,18,4,0,0,0,1,0,0,0
STAT,312,2023,SPRING,ZHOU Q,3.526,501,57,31,7,0,0,0,0,0,0,0
STAT,312,2023,SPRING,KARMAKAR M,3.576,500,61,25,5,0,1,0,1,0,0,0
STAT,312,2022,FALL,DAO T,3.615,502,51,24,3,0,0,0,4,0,0,0
STAT,312,2022,FALL,DAO T,3.359,501,53,36,12,2,0,0,5,0,0,0
STAT,312,2022,FALL,KARMAKAR M,3.657,500,79,23,4,2,0,0,4,0,0,0
STAT,312,2022,SUMMER,DAO T (H),3.571,200,5,1,1,0,0,0,0,0,0,0
STAT,312,2022,SPRING,ZHOU Q,3.518,502,71,33,8,2,0,0,2,0,0,0
STAT,312,2022,SPRING,JAMES C,3.220,501,28,22,4,4,1,0,1,0,0,0
STAT,312,2022,SPRING,KARMAKAR M,3.623,500,42,7,1,1,2,0,2,0,0,0
STAT,312,2021,FALL,DASGUPTA S,3.939,502,110,3,0,0,1,0,1,0,0,0
STAT,312,2021,FALL,DASGUPTA S,3.983,501,114,2,0,0,0,1,0,0,0,0
STAT,312,2021,FALL,DOLE J,3.351,500,26,25,6,0,0,0,3,0,0,0
STAT,312,2021,SUMMER,CRAWFORD S (H),3.720,200,22,1,1,0,1,0,0,0,0,0
STAT,312,2021,SUMMER,MOTTA G,2.917,100,6,3,1,0,2,0,1,0,0,0
STAT,312,2021,SPRING,RAHMAN S,3.595,501,50,26,3,0,0,0,1,0,0,0
STAT,312,2021,SPRING,ZHOU Q,3.625,500,48,21,3,0,0,0,1,0,0,0
STAT,312,2020,FALL,RAHMAN S,3.515,500,45,17,3,2,1,0,0,0,0,0
STAT,312,2020,SPRING,ZHOU Q,3.650,500,28,10,2,0,0,0,1,0,0,0
STAT,312,2019,FALL,MA J,3.500,500,10,7,1,0,0,0,0,0,0,0
STAT,315,2022 SPRING,4,,,
STAT,315,2023 SPRING,,3.4,,
STAT,315,2024 SPRING,,,3.783,
STAT,315,2024 SUMMER,,,,4
STAT,315,2024 FALL,,,,3.972
STAT,315,2025 SPRING,,,3.885,
STAT,315,Year,Semester,Prof,GPA,Section,A,B,C,D,F,I,Q,S,U,X
STAT,315,2025,SPRING,BRUCE S,3.885,500,23,3,0,0,0,0,0,0,0,0
STAT,315,2024,FALL,ROITERCHTEIN A,3.972,500,35,1,0,0,0,0,0,0,0,1
STAT,315,2024,SUMMER,ROITERCHTEIN A,4.000,100,9,0,0,0,0,0,0,0,0,0
STAT,315,2024,SPRING,BRUCE S,3.783,500,18,5,0,0,0,0,0,0,0,0
STAT,315,2023,SPRING,NOWKA K,3.400,500,8,5,2,0,0,0,0,0,0,0
STAT,315,2022,SPRING,DASGUPTA S,4.000,500,14,0,0,0,0,0,1,0,0,0
STAT,335,2019 FALL,3.633,,,,,,,,
STAT,335,2020 SPRING,,3.724,,,,,,,
STAT,335,2020 SUMMER,,,2.375,,,,,,
STAT,335,2020 FALL,,3.2,,,,,,,
STAT,335,2021 SUMMER,,,2.5,,,,,,
STAT,335,2021 FALL,,3.634,,,,,,,
STAT,335,2022 SUMMER,,,,4,,,,,
STAT,335,2022 FALL,,,,,3.847,,,,
STAT,335,2023 SUMMER,,,,,,3.833,,,
STAT,335,2023 FALL,,,,,3.898,,,,
STAT,335,2024 SUMMER,,,,,,,3.917,,
STAT,335,2024 FALL,,,,,,,,3.467,
STAT,335,2025 SUMMER,,,,,,,,,4
STAT,335,Year,Semester,Prof,GPA,Section,A,B,C,D,F,I,Q,S,U,X
STAT,335,2025,SUMMER,ROITERCHTEIN A,4.000,199,25,0,0,0,0,1,0,0,0,0
STAT,335,2024,FALL,BRUCE S,3.467,500,29,30,1,0,0,0,0,0,0,0
STAT,335,2024,SUMMER,ROITERCHTEIN A (H),3.917,299,11,1,0,0,0,0,0,0,0,0
STAT,335,2023,FALL,HARRIS T,3.898,500,53,6,0,0,0,0,1,0,0,0
STAT,335,2023,SUMMER,CHAPAGAIN N,3.833,199,23,0,0,0,1,1,0,0,0,4
STAT,335,2022,FALL,HARRIS T,3.847,500,55,1,2,0,1,0,1,0,0,0
STAT,335,2022,SUMMER,DASGUPTA S,4.000,100,13,0,0,0,0,0,0,0,0,0
STAT,335,2021,FALL,RAHMAN S,3.634,500,29,9,3,0,0,1,0,0,0,0
STAT,335,2021,SUMMER,MOTTA G (H),2.500,201,3,3,4,1,1,0,1,0,0,0
STAT,335,2020,FALL,RAHMAN S,3.200,500,14,6,2,2,1,0,1,0,0,0
STAT,335,2020,SUMMER,MOTTA G (H),2.375,201,2,2,2,1,1,0,0,0,0,0
STAT,335,2020,SPRING,RAHMAN S,3.724,500,21,8,0,0,0,0,0,0,0,0
STAT,335,2019,FALL,CHEN S,3.633,500,22,5,3,0,0,0,0,0,0,0
STAT,404,2017 FALL,3.36,,,
STAT,404,2018 FALL,3.065,,,
STAT,404,2019 FALL,2.974,,,
STAT,404,2020 SPRING,,3.4,,
STAT,404,2020 FALL,2.979,,,
STAT,404,2021 SPRING,,3.46,,
STAT,404,2021 FALL,3.333,,,
STAT,404,2022 SPRING,,3.46,,
STAT,404,2022 FALL,3.259,,,
STAT,404,2023 SPRING,,,3.347,
STAT,404,2023 FALL,,,3.393,
STAT,404,2024 SPRING,,3.158,,
STAT,404,2024 FALL,3.13,,,
STAT,404,2025 SPRING,,,,3.821
STAT,404,Year,Semester,Prof,GPA,Section,A,B,C,D,F,I,Q,S,U,X
STAT,404,2025,SPRING,JUNG Y,3.821,500,46,10,0,0,0,0,0,0,0,0
STAT,404,2024,FALL,SANG H,3.130,501,22,21,9,0,2,0,1,0,0,0
STAT,404,2024,SPRING,WONG R,3.158,500,18,30,9,0,0,0,1,0,0,0
STAT,404,2023,FALL,SCHAFER T,3.393,500,26,26,4,0,0,0,0,0,0,0
STAT,404,2023,SPRING,SCHAFER T,3.347,500,29,11,7,1,1,0,3,0,0,0
STAT,404,2022,FALL,SANG H,3.259,500,24,25,9,0,0,0,0,0,0,0
STAT,404,2022,SPRING,WONG R,3.460,500,28,18,3,1,0,0,0,0,0,0
STAT,404,2021,FALL,SANG H,3.333,500,31,13,8,1,1,0,0,0,0,0
STAT,404,2021,SPRING,WONG R,3.460,500,27,19,4,0,0,0,1,0,0,0
STAT,404,2020,FALL,SANG H,2.979,500,18,15,11,4,0,0,0,0,0,0
STAT,404,2020,SPRING,WONG R,3.400,500,21,9,4,0,1,0,0,0,0,0
STAT,404,2019,FALL,SANG H,2.974,500,29,24,21,2,2,2,0,0,0,0
STAT,404,2018,FALL,SANG H,3.065,500,19,15,10,0,2,0,0,0,0,0
STAT,404,2017,FALL,SANG H,3.360,500,13,8,4,0,0,0,0,0,0,0
STAT,406,2018 FALL,3.4,
STAT,406,2019 FALL,3.577,
STAT,406,2020 FALL,,3.63
STAT,406,2021 FALL,,3.5
STAT,406,2022 FALL,,3.273
STAT,406,2023 FALL,,3.395
STAT,406,2024 FALL,,3.512
STAT,406,Year,Semester,Prof,GPA,Section,A,B,C,D,F,I,Q,S,U,X
STAT,406,2024,FALL,AKLEMAN D,3.512,501,27,12,3,1,0,0,1,0,0,0
STAT,406,2023,FALL,AKLEMAN D,3.395,501,22,18,2,0,1,0,0,0,0,0
STAT,406,2022,FALL,AKLEMAN D,3.273,501,23,13,6,1,1,0,1,0,0,0
STAT,406,2021,FALL,AKLEMAN D,3.500,501,23,17,2,0,0,0,1,0,0,0
STAT,406,2020,FALL,AKLEMAN D,3.630,501,33,10,2,1,0,0,1,0,0,0
STAT,406,2019,FALL,SPIEGELMAN C,3.577,501,18,7,0,0,1,1,0,0,0,0
STAT,406,2018,FALL,SPIEGELMAN C,3.400,501,10,8,2,0,0,0,1,0,0,0
STAT,407,2015 FALL,3.15
STAT,407,2016 FALL,3.313
STAT,407,2017 FALL,3.313
STAT,407,2018 FALL,3.233
STAT,407,2019 FALL,3.235
STAT,407,2020 FALL,3.389
STAT,407,2021 FALL,3.26
STAT,407,2022 FALL,3.267
STAT,407,2023 FALL,3.239
STAT,407,2024 FALL,3.24
STAT,407,Year,Semester,Prof,GPA,Section,A,B,C,D,F,I,Q,S,U,X
STAT,407,2024,FALL,WANG S,3.240,500,21,22,6,0,1,0,1,0,0,0
STAT,407,2023,FALL,WANG S,3.239,500,20,19,6,0,1,0,1,0,0,0
STAT,407,2022,FALL,WANG S,3.267,500,11,16,3,0,0,0,1,0,0,0
STAT,407,2021,FALL,WANG S,3.260,500,18,27,5,0,0,0,2,0,0,0
STAT,407,2020,FALL,WANG S,3.389,500,17,16,3,0,0,0,5,0,0,0
STAT,407,2019,FALL,WANG S,3.235,500,15,15,2,1,1,0,2,0,0,0
STAT,407,2018,FALL,WANG S,3.233,500,17,21,4,0,1,0,1,0,0,0
STAT,407,2017,FALL,WANG S,3.313,500,13,16,3,0,0,0,1,0,0,0
STAT,407,2016,FALL,WANG S,3.313,500,16,11,4,1,0,0,0,0,0,0
STAT,407,2015,FALL,WANG S,3.150,500,6,11,3,0,0,0,1,0,0,0
STAT,408,2015 SPRING,2.9,,,,,,
STAT,408,2016 SPRING,2.824,,,,,,
STAT,408,2017 SPRING,2.957,,,,,,
STAT,408,2018 SPRING,2.974,,,,,,
STAT,408,2019 SPRING,,3.075,,,,,
STAT,408,2020 SPRING,,3.013,,,,,
STAT,408,2021 SPRING,,3.395,3.12,,,,
STAT,408,2022 SPRING,,2.818,,3.4,,,
STAT,408,2022 FALL,,,,,3.133,,
STAT,408,2023 SPRING,,3.225,,,,3,
STAT,408,2023 FALL,,,,,3.639,,
STAT,408,2024 SPRING,,3.214,,,,,3.25
STAT,408,2024 FALL,,,,,3.63,,
STAT,408,2025 SPRING,,,,,3.422,,3.444
STAT,408,Year,Semester,Prof,GPA,Section,A,B,C,D,F,I,Q,S,U,X
STAT,408,2025,SPRING,YI S,3.433,502,20,5,4,0,1,0,4,0,0,0
STAT,408,2025,SPRING,LAHA N,3.422,501,26,12,7,0,0,0,0,0,0,0
STAT,408,2025,SPRING,YI S,3.458,500,15,7,1,0,1,0,3,0,0,0
STAT,408,2024,FALL,LAHA N,3.630,500,32,11,3,0,0,0,0,0,0,0
STAT,408,2024,SPRING,YI S,3.071,502,5,6,2,1,0,0,3,0,0,0
STAT,408,2024,SPRING,POURAHMADI M,3.214,501,19,14,8,1,0,0,3,0,0,0
STAT,408,2024,SPRING,YI S,3.364,500,10,10,2,0,0,0,2,0,0,0
STAT,408,2023,FALL,LAHA N,3.639,500,27,6,2,1,0,0,1,0,0,0
STAT,408,2023,SPRING,DAO T,3.000,501,17,8,9,1,2,0,3,0,0,3
STAT,408,2023,SPRING,POURAHMADI M,3.225,500,20,11,8,0,1,0,5,0,0,0
STAT,408,2022,FALL,LAHA N,3.133,500,15,9,2,3,1,0,2,0,0,0
STAT,408,2022,SPRING,WONG R,3.400,501,23,10,7,0,0,0,0,0,0,0
STAT,408,2022,SPRING,POURAHMADI M,2.818,500,13,18,6,6,1,0,2,0,0,0
STAT,408,2021,SPRING,MOTTA G,3.120,501,14,2,7,2,0,0,11,0,0,0
STAT,408,2021,SPRING,POURAHMADI M,3.395,500,20,13,5,0,0,0,3,0,0,0
STAT,408,2020,SPRING,POURAHMADI M,3.013,500,21,43,13,2,1,0,0,0,0,0
STAT,408,2019,SPRING,POURAHMADI M,3.075,500,20,22,7,3,1,0,3,0,0,0
STAT,408,2018,SPRING,KOLODZIEJ E,2.974,500,14,13,8,2,1,0,2,0,0,0
STAT,408,2017,SPRING,KOLODZIEJ E,2.957,500,8,8,6,0,1,0,2,0,0,0
STAT,408,2016,SPRING,KOLODZIEJ E,2.824,500,4,8,4,0,1,0,3,0,0,0
STAT,408,2015,SPRING,KOLODZIEJ E,2.900,500,6,8,5,0,1,0,2,0,0,0
STAT,414,2015 FALL,3.222,,,,,,
STAT,414,2016 FALL,,2.923,,,,,
STAT,414,2017 FALL,,2.682,,,,,
STAT,414,2018 FALL,,2.705,,,,,
STAT,414,2019 FALL,,2.766,,,,,
STAT,414,2020 FALL,,2.895,3.7,,,,
STAT,414,2021 FALL,,,,3.178,3,,
STAT,414,2022 FALL,,,,,3.147,2.318,
STAT,414,2023 FALL,,,,,3.042,,3.383
STAT,414,2024 FALL,,,,,3.211,,3.833
STAT,414,2025 SPRING,,2.88,,,,,
STAT,414,Year,Semester,Prof,GPA,Section,A,B,C,D,F,I,Q,S,U,X
STAT,414,2025,SPRING,CLINE D,2.880,500,12,5,3,3,2,0,4,0,0,0
STAT,414,2024,FALL,ARROYO RELION J,3.211,502,25,21,10,0,1,0,1,0,0,0
STAT,414,2024,FALL,WANG R,3.833,501,40,8,0,0,0,0,0,0,0,0
STAT,414,2023,FALL,ARROYO RELION J,3.042,502,10,5,9,0,0,0,4,0,0,0
STAT,414,2023,FALL,WANG R,3.383,501,28,10,8,1,0,0,0,0,0,0
STAT,414,2022,FALL,ARROYO RELION J,3.147,502,15,10,8,1,0,0,6,0,0,0
STAT,414,2022,FALL,NING P,2.318,501,12,9,10,7,6,0,5,0,0,0
STAT,414,2021,FALL,ARROYO RELION J,3.000,502,14,7,5,0,3,0,9,0,0,0
STAT,414,2021,FALL,WANG T,3.178,501,14,27,3,0,1,0,4,0,0,0
STAT,414,2020,FALL,BHATTACHARYA A,3.700,502,28,12,0,0,0,0,0,0,0,2
STAT,414,2020,FALL,CLINE D,2.895,501,7,4,7,1,0,0,0,0,0,0
STAT,414,2019,FALL,CLINE D,2.766,500,12,19,11,3,2,0,10,0,0,0
STAT,414,2018,FALL,CLINE D,2.705,500,14,15,7,4,4,0,3,0,0,0
STAT,414,2017,FALL,CLINE D,2.682,500,7,6,6,1,2,0,6,0,0,0
STAT,414,2016,FALL,CLINE D,2.923,500,10,9,4,1,2,0,13,0,0,0
STAT,414,2015,FALL,WIJESURIYA U,3.222,500,11,3,2,1,1,0,4,0,0,0
STAT,415,2017 SPRING,3.053,,,,,,
STAT,415,2018 SPRING,3.15,,,,,,
STAT,415,2019 SPRING,,3.311,,,,,
STAT,415,2020 SPRING,,,2.95,,,,
STAT,415,2021 SPRING,,,2.758,2.733,,,
STAT,415,2022 SPRING,,,2.744,,2.808,,
STAT,415,2023 SPRING,,,,,2.938,3.355,
STAT,415,2024 SPRING,,,,,2.947,,3
STAT,415,2025 SPRING,,,,,3.186,,2.682
STAT,415,Year,Semester,Prof,GPA,Section,A,B,C,D,F,I,Q,S,U,X
STAT,415,2025,SPRING,ARROYO RELION J,3.186,501,23,11,5,2,2,0,5,0,0,0
STAT,415,2025,SPRING,SINHA S,2.682,500,9,17,15,1,2,0,4,0,0,0
STAT,415,2024,SPRING,ARROYO RELION J,2.947,501,9,4,3,2,1,0,0,0,0,0
STAT,415,2024,SPRING,SINHA S,3.000,500,12,11,10,1,0,0,1,0,0,0
STAT,415,2023,SPRING,ARROYO RELION J,2.938,501,15,6,7,2,2,0,1,0,0,0
STAT,415,2023,SPRING,PATI D,3.355,500,14,14,3,0,0,0,1,0,0,0
STAT,415,2022,SPRING,SUBBARAO S,2.744,501,14,11,11,7,0,0,2,0,0,0
STAT,415,2022,SPRING,ARROYO RELION J,2.808,500,9,8,5,3,1,0,5,0,0,0
STAT,415,2021,SPRING,MOTTA G,2.733,501,8,9,10,3,0,0,8,0,0,0
STAT,415,2021,SPRING,SUBBARAO S,2.758,500,11,3,19,0,0,0,2,0,0,0
STAT,415,2020,SPRING,SUBBARAO S,2.950,500,25,12,19,3,1,0,1,0,0,0
STAT,415,2019,SPRING,KATZFUSS M,3.311,500,29,4,10,1,1,0,1,0,0,0
STAT,415,2018,SPRING,SANG H,3.150,500,8,7,5,0,0,0,0,0,0,0
STAT,415,2017,SPRING,SANG H,3.053,500,7,7,4,1,0,0,0,0,0,0
STAT,421,2021 SPRING,3.481,,
STAT,421,2022 SPRING,3.7,,
STAT,421,2023 SPRING,,3.714,
STAT,421,2024 SPRING,,3.767,
STAT,421,2025 SPRING,,,3.982
STAT,421,Year,Semester,Prof,GPA,Section,A,B,C,D,F,I,Q,S,U,X
STAT,421,2025,SPRING,PENG X,3.982,500,56,1,0,0,0,0,2,0,0,0
STAT,421,2024,SPRING,HARRIS T,3.767,500,46,14,0,0,0,0,0,0,0,0
STAT,421,2023,SPRING,HARRIS T,3.714,500,32,9,0,1,0,0,3,0,0,0
STAT,421,2022,SPRING,RAHMAN S,3.700,500,21,9,0,0,0,0,3,0,0,0
STAT,421,2021,SPRING,RAHMAN S,3.481,500,19,5,1,1,1,0,0,0,0,0
STAT,426,2020 SPRING,3.833
STAT,426,2021 SPRING,4
STAT,426,2022 SPRING,4
STAT,426,2023 SPRING,3.727
STAT,426,2024 SPRING,3.867
STAT,426,2025 SPRING,3.905
STAT,426,Year,Semester,Prof,GPA,Section,A,B,C,D,F,I,Q,S,U,X
STAT,426,2025,SPRING,ZHANG X,3.905,500,19,2,0,0,0,0,0,0,0,0
STAT,426,2024,SPRING,ZHANG X,3.867,500,13,2,0,0,0,0,0,0,0,0
STAT,426,2023,SPRING,ZHANG X,3.727,500,8,3,0,0,0,0,0,0,0,0
STAT,426,2022,SPRING,ZHANG X,4.000,500,9,0,0,0,0,0,0,0,0,0
STAT,426,2021,SPRING,ZHANG X,4.000,500,13,0,0,0,0,0,0,0,0,0
STAT,426,2020,SPRING,ZHANG X,3.833,500,5,1,0,0,0,0,0,0,0,0
STAT,436,2018 FALL,3.571,,
STAT,436,2019 FALL,3.75,,
STAT,436,2020 FALL,,3.167,
STAT,436,2021 FALL,,,4
STAT,436,2022 FALL,,,4
STAT,436,2023 FALL,,,3.583
STAT,436,Year,Semester,Prof,GPA,Section,A,B,C,D,F,I,Q,S,U,X
STAT,436,2023,FALL,ZHOU Q,3.583,500,7,5,0,0,0,0,0,0,0,0
STAT,436,2022,FALL,ZHOU Q,4.000,500,5,0,0,0,0,0,0,0,0,0
STAT,436,2021,FALL,ZHOU Q,4.000,500,6,0,0,0,0,0,0,0,0,0
STAT,436,2020,FALL,MOTTA G,3.167,500,3,1,2,0,0,0,7,0,0,0
STAT,436,2019,FALL,JONES D,3.750,500,6,2,0,0,0,0,0,0,0,0
STAT,436,2018,FALL,JONES D,3.571,500,4,3,0,0,0,0,1,0,0,0
STAT,438,2019 SPRING,4,,,
STAT,438,2020 SPRING,,3.455,,
STAT,438,2021 SPRING,,3.4,,
STAT,438,2022 SPRING,,,3.8,
STAT,438,2023 SPRING,,,,3.429
STAT,438,2024 SPRING,,,,3.25
STAT,438,2025 SPRING,,,,3.167
STAT,438,Year,Semester,Prof,GPA,Section,A,B,C,D,F,I,Q,S,U,X
STAT,438,2025,SPRING,BHATTACHARYA A,3.167,500,5,6,0,0,1,0,2,0,0,0
STAT,438,2024,SPRING,BHATTACHARYA A,3.250,500,4,2,2,0,0,0,0,0,0,0
STAT,438,2023,SPRING,BHATTACHARYA A,3.429,500,3,4,0,0,0,0,1,0,0,0
STAT,438,2022,SPRING,HARRIS T,3.800,500,4,1,0,0,0,0,0,0,0,0
STAT,438,2021,SPRING,PATI D,3.400,500,6,3,0,1,0,1,1,0,0,0
STAT,438,2020,SPRING,PATI D,3.455,500,6,4,1,0,0,0,0,0,0,0
STAT,438,2019,SPRING,JOHNSON V,4.000,500,6,0,0,0,0,0,1,0,0,0
STAT,445,2020 FALL,3.286
STAT,445,2022 FALL,3.143
STAT,445,2024 FALL,3.4
STAT,445,Year,Semester,Prof,GPA,Section,A,B,C,D,F,I,Q,S,U,X
STAT,445,2024,FALL,SINHA S,3.400,500,3,1,1,0,0,0,1,0,0,0
STAT,445,2022,FALL,SINHA S,3.143,500,1,6,0,0,0,0,0,0,0,0
STAT,445,2020,FALL,SINHA S,3.286,500,2,5,0,0,0,0,0,0,0,0
STAT,446,2021 SPRING,3.2,
STAT,446,2023 SPRING,3.25,
STAT,446,2024 SPRING,,3.714
STAT,446,2025 SPRING,,3.778
STAT,446,Year,Semester,Prof,GPA,Section,A,B,C,D,F,I,Q,S,U,X
STAT,446,2025,SPRING,JIANG Y,3.778,500,7,2,0,0,0,0,0,0,0,0
STAT,446,2024,SPRING,JIANG Y,3.714,500,5,2,0,0,0,0,1,0,0,0
STAT,446,2023,SPRING,KARMAKAR M,3.250,500,4,2,2,0,0,0,0,0,0,0
STAT,446,2021,SPRING,KARMAKAR M,3.200,500,6,2,0,2,0,0,0,0,0,0
STAT,459,2020 FALL,2.714,
STAT,459,2021 FALL,3.333,
STAT,459,2022 FALL,2.857,
STAT,459,2024 FALL,,3.667
STAT,459,Year,Semester,Prof,GPA,Section,A,B,C,D,F,I,Q,S,U,X
STAT,459,2024,FALL,CRAWFORD S,3.667,500,7,1,1,0,0,0,0,0,0,0
STAT,459,2022,FALL,SINHA S,2.857,500,2,2,3,0,0,0,0,0,0,0
STAT,459,2021,FALL,SINHA S,3.333,500,3,2,1,0,0,0,1,0,0,0
STAT,459,2020,FALL,SINHA S,2.714,500,0,5,2,0,0,0,0,0,0,0
STAT,482,2019 SPRING,4,
STAT,482,2019 FALL,4,
STAT,482,2020 SPRING,,4
STAT,482,2020 FALL,4,
STAT,482,2021 SPRING,,3.939
STAT,482,2021 FALL,4,
STAT,482,2022 SPRING,,4
STAT,482,2022 FALL,3.923,
STAT,482,2023 SPRING,,3.963
STAT,482,2023 FALL,4,
STAT,482,2024 SPRING,,4
STAT,482,2024 FALL,4,
STAT,482,2025 SPRING,,3.963
STAT,482,Year,Semester,Prof,GPA,Section,A,B,C,D,F,I,Q,S,U,X
STAT,482,2025,SPRING,SANG H,3.963,900,26,1,0,0,0,0,0,0,0,0
STAT,482,2024,FALL,ZHOU L,4.000,900,12,0,0,0,0,0,0,0,0,0
STAT,482,2024,SPRING,SANG H,4.000,900,29,0,0,0,0,0,0,0,0,0
STAT,482,2023,FALL,ZHOU L,4.000,900,9,0,0,0,0,0,0,0,0,0
STAT,482,2023,SPRING,SANG H,3.963,900,26,1,0,0,0,0,0,0,0,0
STAT,482,2022,FALL,ZHOU L,3.923,900,12,1,0,0,0,0,0,0,0,0
STAT,482,2022,SPRING,SANG H,4.000,900,31,0,0,0,0,0,0,0,0,0
STAT,482,2021,FALL,ZHOU L,4.000,900,10,0,0,0,0,0,0,0,0,0
STAT,482,2021,SPRING,SANG H,3.939,900,32,0,1,0,0,0,0,0,0,0
STAT,482,2020,FALL,ZHOU L,4.000,900,9,0,0,0,0,0,0,0,0,0
STAT,482,2020,SPRING,SANG H,4.000,900,17,0,0,0,0,0,0,0,0,0
STAT,482,2019,FALL,ZHOU L,4.000,900,10,0,0,0,0,0,0,0,0,0
STAT,482,2019,SPRING,ZHOU L,4.000,900,12,0,0,0,0,0,0,0,0,0
STAT,483,2022 FALL,4
STAT,483,Year,Semester,Prof,GPA,Section,A,B,C,D,F,I,Q,S,U,X
STAT,483,2022,FALL,DASGUPTA S,4.000,900,5,0,0,0,0,0,0,0,0,0
STAT,485,2018 SPRING,4
STAT,485,2018 SUMMER,4
STAT,485,2018 FALL,3.875
STAT,485,2019 SPRING,4
STAT,485,2019 FALL,4
STAT,485,2020 SPRING,4
STAT,485,Year,Semester,Prof,GPA,Section,A,B,C,D,F,I,Q,S,U,X
STAT,485,2020,SPRING,DABNEY A,4.000,500,6,0,0,0,0,0,0,0,0,0
STAT,485,2019,FALL,DABNEY A,4.000,500,8,0,0,0,0,0,0,0,0,0
STAT,485,2019,SPRING,DABNEY A,4.000,500,8,0,0,0,0,0,0,0,0,0
STAT,485,2018,FALL,DABNEY A,3.875,500,7,1,0,0,0,0,1,0,0,0
STAT,485,2018,SUMMER,DABNEY A,4.000,300,5,0,0,0,0,0,0,0,0,0
STAT,485,2018,SPRING,DABNEY A,4.000,500,9,0,0,0,0,0,1,1,0,0
STAT,489,2017 SPRING,3.882,,,
STAT,489,2018 SPRING,3.636,,,
STAT,489,2019 SUMMER,,3.8,,
STAT,489,2022 SPRING,,,3.571,
STAT,489,2024 SPRING,,,,3.75
STAT,489,Year,Semester,Prof,GPA,Section,A,B,C,D,F,I,Q,S,U,X
STAT,489,2024,SPRING,RAY I,3.750,500,6,2,0,0,0,0,1,0,0,0
STAT,489,2022,SPRING,GAYNANOVA I,3.571,500,4,3,0,0,0,0,1,0,0,0
STAT,489,2019,SUMMER,CHEN S (H),3.800,200,4,1,0,0,0,0,0,0,0,0
STAT,489,2018,SPRING,DABNEY A,3.636,500,8,2,1,0,0,0,0,0,0,0
STAT,489,2017,SPRING,DABNEY A,3.882,500,15,2,0,0,0,0,2,1,0,0
STAT,491,2020 SPRING,4
STAT,491,Year,Semester,Prof,GPA,Section,A,B,C,D,F,I,Q,S,U,X
STAT,491,2020,SPRING,GAYNANOVA I,4.000,533,6,0,0,0,0,0,0,0,0,0
